trial_number,value,fold,diagnostic_weight_epsilon,norm_normalized_x,norm_normalized_y,norm_distance_to_centroid,norm_horizontal_direction,norm_vertical_direction,norm_angle_with_ox,norm_junction_angle_min,norm_length_ratio_to_max,norm_eccentricity,norm_avg_neighbor_vector_length,norm_neighbor_endpoint_count,norm_neighbor_junction_count
0,0.768004,0,1.0618,9.5564,7.5879,3.1137,2.0921,2.092,49.1676,315.8381,3.1252,14.7453,11.8526,9.7292,8.492
1,0.784576,1,0.8185,2.6364,2.6506,1.7299,4.6733,4.0236,126.1056,231.9115,0.9556,7.2586,42.9726,5.1046,8.0666
2,0.782005,2,0.7995,5.6281,6.3317,0.5183,5.2528,2.1937,51.467,343.1322,4.8385,16.5512,37.4152,1.879,7.1581
3,0.785788,3,1.1602,2.0983,5.4566,0.4616,7.3652,2.8115,248.6324,132.8647,2.7443,11.8408,26.6369,9.7263,7.9762
4,0.764676,0,1.9092,9.0534,6.3811,4.6328,1.6194,2.3719,44.925,137.359,2.1268,6.8843,84.5864,4.2108,3.5284
5,0.783213,1,1.314,2.2683,8.2198,0.6504,7.9082,6.4057,95.5762,31.8223,4.1327,14.7234,75.6106,7.9414,1.6664
6,0.765159,2,1.0377,2.0428,8.7679,3.2295,3.3163,1.4449,132.6242,137.3105,3.7291,13.476,89.8491,5.2499,2.0763
7,0.767609,3,1.5699,7.8471,6.0515,3.9235,4.4566,4.6591,171.0885,38.3883,0.8071,2.5657,67.2769,3.8292,5.5771
8,0.754882,0,1.8613,3.2436,4.6934,3.8511,2.6016,1.5389,125.618,83.203,4.6696,16.5462,67.0063,8.8431,8.233
9,0.786927,1,0.7799,9.033,5.8541,4.095,7.2726,3.226,66.3171,105.2186,2.3074,16.7243,87.4658,1.0626,5.5967
10,0.779261,2,1.1261,2.999,2.0788,1.8868,7.6004,3.2624,201.2009,261.9963,2.0091,19.4921,96.6203,3.266,5.4752
11,0.778807,3,0.9513,3.5636,1.332,3.165,4.5188,1.3604,121.9533,329.7277,1.4259,4.6081,54.0507,9.8709,3.1785
12,0.762468,0,1.5082,7.8546,3.1387,3.7226,3.5745,5.4261,239.0648,206.8056,0.7244,17.0354,38.8702,2.6787,1.367
13,0.782698,1,1.3863,7.0981,1.1493,2.7068,2.5855,5.5162,87.5409,258.0095,2.1177,18.8611,22.3769,4.0696,2.0213
14,0.767848,2,1.887,8.8961,3.3215,3.4019,6.7206,4.8864,204.7847,109.8113,0.7376,18.1499,91.0376,6.6979,4.0513
15,0.772119,3,1.0238,7.5336,9.074,4.4693,6.4591,5.4942,57.7662,83.3375,4.5232,12.9157,10.8277,1.9132,6.9715
16,0.763009,0,0.5076,2.4473,5.9386,3.5519,5.5637,2.5699,265.0191,108.2922,1.8294,15.4368,68.467,8.643,6.9185
17,0.790123,1,1.3525,1.8431,4.3094,1.5465,2.7079,7.8111,159.7222,324.3754,3.2664,16.3066,55.2373,6.1921,5.4327
18,0.774525,2,0.7929,7.5021,3.527,0.4143,5.5183,2.2398,340.3513,344.7964,4.5999,8.6629,11.3911,9.3549,4.8537
19,0.775206,3,1.95,9.6726,8.6771,1.6839,3.6957,6.958,134.5843,85.9326,2.917,18.8508,72.6427,6.1306,1.8746
20,0.76749,0,0.7829,4.7635,5.0495,0.3811,2.6906,1.7662,254.6193,223.6721,1.2784,10.617,52.5223,1.3554,2.2427
21,0.785898,1,0.8296,5.017,5.6961,1.6604,2.1551,1.9791,288.3678,157.9978,1.3096,5.4101,65.4178,3.2592,2.5208
22,0.778006,2,1.1172,3.3244,2.881,0.8105,1.7692,3.1903,297.1738,183.8695,1.0755,10.8177,59.924,5.0513,3.2251
23,0.770298,3,0.8595,6.0149,2.6512,0.6856,2.0435,3.7183,287.0672,280.2598,0.8563,9.0962,72.6923,3.3903,2.0325
24,0.766067,0,0.9268,3.3385,5.0059,0.7273,2.8663,2.4203,244.4261,124.1104,1.6813,6.413,45.9272,2.3085,1.7245
25,0.79053,1,1.2914,2.1729,5.1123,1.7387,3.5809,5.7028,272.6022,133.0331,0.6998,16.9529,59.4791,4.0925,3.1842
26,0.780062,2,0.7864,3.8223,4.0015,0.4108,4.5723,2.1466,345.7326,213.1326,1.1686,8.2859,30.5308,2.7553,1.8299
27,0.778064,3,0.8088,4.2634,4.8627,1.2807,4.0464,1.9471,279.405,156.0166,2.8178,11.7296,47.5256,3.8032,5.1959
28,0.765432,0,0.9461,1.6035,2.3529,0.8787,3.042,3.4161,129.915,171.0732,1.684,7.7226,58.4144,5.5598,2.6651
29,0.785273,1,0.9539,2.418,2.9889,0.9796,4.102,3.1318,259.188,166.4654,1.0676,14.7266,74.2548,4.2419,5.3412
30,0.776465,2,0.6671,2.6123,4.437,1.2098,2.0352,4.3867,247.1768,248.6822,1.5621,10.4263,68.0344,2.25,3.7226
31,0.773031,3,1.3067,1.8739,5.6291,2.6827,3.6477,5.3227,278.7222,80.7039,1.5458,13.9442,59.336,5.3444,2.6685
32,0.765947,0,0.8241,2.2993,3.8908,1.5212,3.3191,3.409,274.6136,240.9999,1.2911,14.564,42.9673,2.2255,3.1668
33,0.776235,1,1.2673,3.3552,6.2235,0.9218,3.6688,3.7024,319.5971,161.721,1.5236,14.3772,38.1988,5.4115,6.3027
34,0.774923,2,1.1858,4.8756,3.6324,1.7092,3.5606,3.3241,342.2812,193.1767,1.0632,9.8502,36.6921,3.1218,3.356
35,0.772751,3,0.7261,3.7475,4.9177,2.7547,3.485,5.2164,242.9934,187.6398,0.482,14.6333,72.7835,4.6467,4.1599
36,0.770973,0,0.6516,3.5744,4.177,1.7743,1.6131,3.7229,346.3795,73.8693,0.3452,17.2017,78.6951,5.1416,4.5312
37,0.779835,1,0.8846,4.1934,5.8577,1.8942,3.2432,3.5363,252.993,176.5877,1.2785,13.5514,57.8627,4.0491,2.2174
38,0.769389,2,0.9986,2.7122,7.3054,1.5782,3.673,2.9144,305.9291,156.6113,1.33,11.3404,63.953,3.7519,5.6148
39,0.778006,3,1.0885,3.7195,2.6526,1.4921,3.6977,3.8806,217.2243,192.9234,2.1024,13.9738,90.1814,6.6243,4.5708
40,0.758869,0,1.5042,2.0936,5.1299,1.5788,2.9842,5.0259,317.0563,101.798,1.3621,18.1995,69.2501,3.14,2.4597
41,0.783728,1,0.9293,6.7488,5.3512,0.5488,2.5796,3.4869,283.0779,206.5375,1.966,10.5863,40.6743,5.3123,4.3643
42,0.772867,2,0.8644,4.8377,7.3244,2.3618,2.2264,2.4735,316.9706,188.7253,1.7943,14.1751,59.6772,6.0598,3.8829
43,0.781603,3,0.8092,4.564,5.6772,1.6231,2.4327,3.2701,279.6663,295.1186,3.4067,14.0906,51.6856,6.216,4.452
44,0.768519,0,1.159,3.1562,5.4795,1.1987,3.2643,3.2073,258.3195,81.2627,0.8469,12.8046,60.1287,6.4379,4.0525
45,0.785898,1,1.1378,4.7397,3.8749,1.0914,1.5566,4.0623,220.1507,243.6697,2.0881,7.5319,47.4415,5.6318,3.7516
46,0.778006,2,0.6768,4.6128,4.6644,0.7815,4.1644,4.0414,252.5327,216.1693,2.6096,8.0865,56.9801,5.654,2.6535
47,0.783145,3,1.0462,2.9079,4.7267,1.3297,4.241,3.4504,309.2394,210.6631,0.9099,15.8413,68.5017,3.1423,3.0567
48,0.764524,0,0.8925,3.4632,5.815,0.5194,3.0278,3.553,254.6421,206.7932,0.9369,11.4966,41.8432,3.2903,2.0169
49,0.785898,1,1.3912,3.9637,4.3683,2.0228,2.44,3.7318,299.9,177.6489,1.8708,11.7165,70.095,4.8544,6.3626
50,0.769152,2,1.2144,5.9357,6.1344,0.9104,1.0301,3.4189,255.7045,271.9886,1.8061,17.054,46.0271,4.7216,4.4551
51,0.777778,3,1.172,4.0274,4.3997,2.6385,3.4377,1.8797,260.4928,259.0777,1.6531,15.3999,48.2796,3.2271,3.764
52,0.77018,0,1.0824,6.1197,4.447,1.3688,4.6307,3.3201,349.9108,231.4604,1.3346,13.3759,46.3027,6.7886,1.6758
53,0.774177,1,1.2534,3.7294,5.4863,1.6891,1.793,2.697,305.4187,217.0463,2.6139,5.1284,75.2209,6.9505,5.086
54,0.772354,2,1.0713,3.2696,4.4725,1.5129,4.5388,3.6143,252.3519,239.0728,1.4468,6.0214,65.0835,3.8758,4.7784
55,0.780864,3,1.1214,2.7848,2.3893,1.4294,2.7256,4.0645,299.4924,214.1121,1.9777,12.2171,36.9219,7.1557,4.4844
56,0.764797,0,1.3343,2.9643,2.6712,1.0026,1.7679,5.42,243.3427,173.3169,2.2166,9.1571,84.4323,3.424,2.7446
57,0.783325,1,1.0232,4.934,5.1516,1.4995,1.3162,3.0979,207.7337,245.5458,2.7811,10.3567,57.1994,4.7662,4.9153
58,0.77184,2,1.3616,4.993,5.1084,0.8813,3.1201,3.8615,266.4281,160.6876,1.3631,9.2963,69.3854,5.058,3.1974
59,0.780237,3,1.2718,3.9149,4.3321,0.8396,4.3119,2.9619,327.1217,203.9938,2.6151,10.5731,61.1505,2.6409,4.7628
60,0.763889,0,1.3938,2.3184,3.2298,0.6214,3.0808,5.2282,332.0279,212.9487,2.9599,7.359,78.4268,4.8015,4.547
61,0.780463,1,1.1607,3.7866,4.1198,1.5045,2.2724,3.9943,224.2061,225.3081,2.0786,10.0139,74.9928,5.1506,3.4277
62,0.779548,2,0.9597,3.8927,3.9091,1.2078,2.4736,2.6038,320.3315,210.8652,0.6376,6.3155,74.0617,4.8315,4.4971
63,0.773663,3,1.1922,5.0794,4.2443,1.1973,1.4331,4.1637,228.6526,249.2491,1.8028,8.5199,50.435,5.7606,4.4528
64,0.777263,0,1.2092,7.3041,2.7916,1.0464,2.7185,4.5284,245.981,203.0991,2.675,10.6227,54.5347,3.5855,6.8522
65,0.794964,1,0.8343,3.7213,3.3552,0.8254,3.2949,3.3861,251.382,272.9963,2.6915,12.2858,39.7049,4.8118,4.806
66,0.770298,2,0.7629,4.051,5.6638,1.7758,4.199,2.6388,276.4636,224.9459,2.0589,13.221,31.2532,2.0347,3.2853
67,0.779949,3,0.9508,5.0684,5.0698,1.215,2.019,2.6508,288.6831,193.8257,2.6807,10.1935,49.1361,2.9231,3.6986
68,0.773381,0,0.9203,4.0793,4.3954,1.7183,1.3526,2.7865,201.9498,309.9675,2.7274,10.4739,63.63,6.7826,4.2587
69,0.786927,1,1.1305,4.5192,1.5687,1.4491,1.8695,4.112,204.0438,185.366,3.2316,8.3355,38.0616,6.2048,5.6464
70,0.766581,2,0.8573,5.3538,2.8556,1.532,1.7381,2.6818,232.5798,168.4847,3.1172,10.7906,47.7696,5.9747,5.6758
71,0.774923,3,0.8685,4.239,5.4509,2.0605,2.8492,4.7911,279.7565,124.0112,2.6845,8.8168,64.463,5.3028,2.8206
72,0.763374,0,1.0676,2.5063,5.1279,1.2181,2.4946,2.8184,255.0929,278.5615,1.2408,10.527,46.6475,5.0842,4.1501
73,0.781781,1,1.0453,3.3841,7.6779,0.829,2.3449,2.3094,227.0612,218.9879,1.7419,9.0427,64.1363,7.7852,4.9966
74,0.780062,2,1.1063,2.6553,5.1122,2.0829,1.8714,4.6337,245.8764,238.3527,2.9501,11.1661,50.2141,4.1673,6.5937
75,0.777892,3,1.2272,1.714,3.0996,1.1817,2.1644,3.7541,220.9355,241.2858,3.5928,11.0246,42.0007,6.1323,5.3015
76,0.769666,0,0.9689,3.1127,4.1826,1.5098,1.8876,2.3282,209.1103,257.1274,3.1586,9.8669,49.267,6.2707,4.4936
77,0.779094,1,0.9826,2.884,5.5923,2.1252,1.9393,2.8568,275.7909,184.6878,3.5885,13.9103,42.3959,4.5911,3.9521
78,0.776296,2,0.798,3.5098,1.9255,2.1745,4.3808,4.533,194.8242,215.8111,3.05,10.0402,54.6544,3.7525,5.7058
79,0.776978,3,0.6331,3.6111,3.2697,1.191,3.0762,5.3175,298.1832,290.1735,2.3029,9.9363,33.4927,5.7142,3.3409
80,0.753862,0,0.9802,1.9182,3.83,1.9748,1.6939,3.0483,199.8417,252.1303,1.811,7.1146,49.1515,4.1416,5.751
81,0.783325,1,1.0542,4.1887,2.3272,1.1324,1.4469,3.2529,215.2598,161.4889,3.7219,4.3414,48.2675,4.9193,6.6415
82,0.772984,2,0.7546,1.2182,2.6093,3.6204,2.1357,3.4951,234.2453,178.5388,3.0864,10.6836,34.8745,4.9954,6.8678
83,0.777378,3,1.0738,3.2801,3.6612,1.1483,1.4268,4.1064,200.5735,227.5919,2.8656,14.313,42.8597,5.4492,4.3787
84,0.762738,0,1.3815,3.4234,5.2541,0.9677,1.7615,3.3971,162.8088,289.4286,3.14,13.2569,48.5149,6.737,5.6305
85,0.783325,1,0.8387,2.2204,3.4572,2.1292,3.2052,2.9635,178.9532,245.4663,1.989,12.8587,42.1783,4.2448,5.7192
86,0.775951,2,0.9686,3.7705,3.8107,0.6597,1.0844,2.9579,280.1191,283.0406,2.5894,9.7049,47.0385,5.4659,5.7564
87,0.779609,3,0.5408,4.2272,3.7044,0.555,2.9202,3.642,260.8762,261.7455,2.9797,9.9325,35.3033,5.2948,6.3742
88,0.771208,0,0.9385,2.7479,3.1238,2.2754,2.2079,2.7498,215.683,174.4632,3.4374,7.2825,42.8056,7.3978,6.6261
89,0.784354,1,1.3492,1.6369,5.4364,1.6612,3.0152,3.8877,128.6721,159.8697,3.6451,9.4409,71.5119,4.8177,7.0869
90,0.771561,2,1.0595,1.5327,5.623,1.2459,2.6243,3.8381,192.6635,235.2166,2.6881,8.473,43.4889,6.3753,4.1078
91,0.776119,3,1.0485,2.7003,4.0872,2.3706,1.252,4.4685,179.7229,243.7778,4.0885,10.0706,49.7332,2.459,4.7981
92,0.759774,0,1.203,3.9983,3.169,0.4809,1.0651,2.3627,269.9915,189.3224,2.9344,7.5226,59.1225,5.8683,6.5431
93,0.781893,1,1.0784,2.4216,3.166,1.5414,1.6251,5.3618,286.7577,294.8448,3.1454,13.0024,50.0169,5.4841,5.0845
94,0.770812,2,1.3556,2.7379,2.4117,1.8595,2.2107,2.6543,196.1308,179.9624,2.356,10.0341,42.7113,4.5324,7.1682
95,0.771722,3,0.9244,2.5331,1.751,1.3434,1.9685,3.4851,213.6424,256.1558,2.3141,6.7611,68.3854,4.2115,7.3074
96,0.75463,0,1.3334,4.2951,6.1239,1.8664,1.1646,3.9875,147.7215,158.4732,2.6016,6.7097,45.9934,4.2629,5.5842
97,0.786413,1,1.0434,1.6275,3.8366,1.6071,1.5339,4.1163,154.1856,246.3502,2.9025,14.0941,55.6101,4.7217,6.399
98,0.772354,2,0.7052,2.3617,3.2299,1.969,2.0686,3.0509,164.2012,258.6747,3.4991,7.7406,66.7321,6.9136,6.9111
99,0.772237,3,1.4261,4.7008,4.7108,0.739,1.2488,3.1579,162.825,315.9082,3.5496,11.6063,50.8492,3.7343,7.3046
100,0.774923,0,1.1743,1.0321,2.8017,1.0124,2.934,5.0502,165.9352,254.5819,3.6318,9.0278,60.8211,4.996,6.9673
101,0.784465,1,1.083,4.5717,4.0539,1.7571,1.2296,4.8574,162.6836,268.6823,2.7642,9.0043,61.0677,5.1498,5.7137
102,0.773895,2,1.2825,4.1857,4.6739,1.8817,2.4765,4.5648,230.5732,231.3254,3.7971,12.6424,42.0954,4.438,6.7912
103,0.786228,3,0.9746,1.6767,4.5531,1.6213,2.6738,1.8622,251.441,232.8517,2.3201,7.4718,56.9434,3.342,4.2855
104,0.763374,0,1.0541,2.4368,4.9413,0.8056,2.547,2.8995,231.3833,304.8103,3.1722,9.5381,66.7043,4.3487,5.0487
105,0.78281,1,1.0733,2.8843,3.8634,1.6245,2.3374,4.5999,149.5103,105.2227,3.2647,8.6055,45.4565,4.0815,6.4995
106,0.773663,2,1.5308,2.1036,3.8709,2.0999,1.2462,5.3357,174.8704,221.7207,3.9095,5.2405,58.7827,3.152,6.1544
107,0.770694,3,0.8826,1.0503,7.1123,2.2175,4.767,5.2886,219.5596,145.9381,3.3162,10.4909,45.8223,5.4544,6.1113
108,0.773779,0,1.063,1.2096,1.209,0.5593,3.0572,4.4942,152.1113,212.8993,3.2433,12.0752,46.7084,3.9804,4.3279
109,0.779321,1,0.8284,2.6849,4.3495,1.1085,1.6139,4.1436,169.7558,198.0743,2.2072,12.4802,65.2746,6.8534,6.0008
110,0.781715,2,1.1959,1.5282,3.0289,2.2385,1.1714,3.9374,139.5857,294.8605,2.0193,7.5237,61.0813,5.5465,7.2495
111,0.772119,3,1.0061,1.5183,5.2743,1.2026,2.2437,4.8417,174.0905,266.6184,3.0355,16.4309,54.8778,5.0883,6.0058
112,0.762223,0,1.0857,1.9012,4.0338,2.404,3.4357,3.781,149.5843,264.9596,2.9215,9.0261,55.3011,5.0332,5.7869
113,0.790937,1,1.0214,3.8461,3.5845,1.1397,1.4923,3.5197,167.7897,218.5172,3.4243,12.5327,64.7839,6.2211,5.1183
114,0.771443,2,1.1755,3.0046,3.8498,1.5076,2.5631,4.0413,179.0816,284.151,3.0123,11.3206,40.3977,2.502,5.8065
115,0.782631,3,0.7877,2.8976,4.2271,1.9237,1.7666,3.7254,240.1458,214.1022,2.5868,12.9727,48.1936,5.214,5.6292
116,0.770458,0,1.0267,2.1338,4.6195,1.7594,1.7909,3.0117,125.7437,314.3127,2.8408,7.6378,59.2088,5.5347,5.9949
117,0.791045,1,0.9733,1.6021,4.3657,1.4513,1.7366,3.7015,102.738,162.9746,3.2126,11.4613,35.8735,5.0567,4.5707
118,0.780062,2,1.1535,4.0671,4.9688,1.7097,3.2142,4.8945,112.5346,308.9905,2.2907,13.1074,61.4224,3.7783,6.4426
119,0.768243,3,1.0376,2.1653,4.2756,2.3932,1.9184,4.4303,133.3324,238.2455,3.6978,13.1992,47.9739,6.7384,5.0652
120,0.77184,0,0.766,2.7359,5.3371,1.1847,2.3595,3.4343,121.4598,221.0302,3.3102,14.6971,53.8016,4.1416,4.598
121,0.786523,1,0.7593,2.3576,4.6811,1.9299,2.0722,3.7301,126.8274,217.5831,3.3457,12.3159,45.9511,4.5017,5.6182
122,0.76927,2,1.0622,2.4633,4.4247,2.7885,1.649,2.9904,38.1828,219.2173,3.4246,11.6197,46.4837,6.4098,5.3188
123,0.781266,3,1.2499,3.7353,2.6947,1.9883,1.6449,2.9239,129.684,238.3194,3.0456,11.5263,57.8719,6.0615,5.3514
124,0.76828,0,1.1566,2.8568,2.6808,2.2951,1.3979,3.7026,160.8412,175.6288,1.9393,9.1375,39.7816,4.8204,5.0352
125,0.781266,1,0.9778,2.8233,4.2512,1.2294,1.4344,3.8574,139.4784,210.3526,2.8104,14.0404,37.4107,5.6268,8.1492
126,0.776465,2,1.1453,1.2026,3.5357,1.1807,2.8459,2.118,146.852,188.0937,3.5229,9.8433,61.8226,6.2169,4.8233
127,0.775321,3,0.8981,2.7469,4.3768,0.879,1.9198,3.2312,136.1439,194.0329,3.2656,10.6303,29.1221,7.2229,3.4384
128,0.767729,0,1.076,1.1453,4.1144,2.3005,1.3205,5.0191,152.7512,235.2415,3.3656,14.4341,45.7459,6.5078,5.228
129,0.783728,1,1.27,4.14,2.743,0.6145,1.6014,3.1407,164.283,221.0311,3.2112,14.0923,53.0551,6.1766,5.071
130,0.771561,2,0.9729,2.466,3.421,0.3538,2.9009,4.5,189.5655,213.7249,3.1636,14.5726,47.8168,6.9922,6.1707
131,0.782519,3,1.1632,3.6022,4.5043,0.8786,2.8575,3.5006,162.0226,199.2882,3.2162,9.605,35.2588,6.4209,5.8635
132,0.766187,0,0.8771,1.6572,3.5949,0.9605,2.4537,2.7896,202.7055,177.5536,3.2049,14.082,52.5371,4.9641,4.6009
133,0.798458,1,1.0546,2.9168,4.1234,1.6308,1.684,3.1247,164.3948,201.0413,2.8086,14.684,65.7814,5.9635,3.9344
134,0.765673,2,1.0374,1.5372,3.9893,1.92,3.1791,3.0341,209.0178,208.1021,2.6392,13.3764,40.2589,5.6005,5.4054
135,0.780751,3,0.6758,1.9034,3.5237,0.4791,1.8572,2.6064,195.7141,224.3781,1.7893,13.1922,63.7147,5.938,5.7843
136,0.772517,0,1.03,3.8038,3.5774,1.2011,1.4147,3.3913,159.9599,191.8166,3.5269,14.2613,36.5643,5.7114,5.9167
137,0.79321,1,1.2718,4.4687,4.0274,0.5019,2.3671,4.6524,136.8188,187.3823,2.415,16.4298,48.6275,3.4723,5.2263
138,0.76927,2,1.047,3.4213,1.8728,0.9468,1.9093,2.857,146.9059,306.7855,2.8112,8.2327,37.1863,5.6807,5.6024
139,0.773148,3,1.0999,2.4068,4.7219,1.487,2.4366,4.4577,92.9306,208.0832,2.6213,17.1681,54.2634,7.3688,5.5288
140,0.771605,0,0.6108,1.1414,4.9137,0.9086,2.823,2.8766,188.5136,192.4047,3.1945,13.8479,46.9761,6.0867,4.3767
141,0.782519,1,0.9769,3.2569,3.0364,0.7546,1.3474,2.8251,153.7545,186.894,2.6517,12.8102,56.4069,5.6359,5.5753
142,0.775385,2,1.3053,3.0191,2.1069,0.8615,2.0006,2.7563,189.7094,245.5045,1.9554,15.0018,45.7861,6.156,5.9275
143,0.784869,3,0.7737,3.9537,6.0856,0.9237,2.1355,4.0223,132.3756,236.8928,2.2056,13.4651,71.7555,5.7459,5.9345
144,0.765311,0,1.2779,5.9611,4.9988,0.7099,1.9224,3.136,126.2618,233.0763,2.5928,13.6092,42.1355,4.9521,5.4197
145,0.783436,1,1.3759,3.1611,4.2922,1.3505,1.5368,2.6442,180.6775,186.0906,2.6827,13.9978,51.3964,6.5319,3.5405
146,0.774293,2,1.0068,3.4923,2.8165,0.5953,1.4651,2.27,207.7296,218.58,2.5205,15.1739,41.1249,6.4476,5.0349
147,0.77892,3,1.2154,3.3625,5.5372,1.028,1.3285,3.2336,77.7358,196.789,2.7816,17.7688,51.2141,5.0003,4.6499
148,0.760288,0,1.234,1.9748,3.4046,1.2868,1.5754,2.9427,135.6133,218.6353,1.9154,12.2517,54.7583,5.5879,2.9814
149,0.784243,1,1.0178,2.926,3.5354,0.3603,2.1039,5.2539,151.4349,178.1605,2.755,14.2643,63.6781,5.6931,4.6083
150,0.77635,2,1.0898,3.8272,4.5195,1.1074,1.7805,4.0751,168.5172,166.4173,3.1492,12.1469,53.4859,4.1851,8.1922
151,0.775437,3,1.101,2.2346,4.6553,1.1872,2.4034,4.26,117.5885,187.4301,2.173,17.7787,79.5591,6.5208,2.8606
152,0.771487,0,0.8259,2.5716,4.3915,0.7797,2.7427,4.0466,138.2056,180.0854,1.7694,6.8845,71.8707,5.7787,4.1352
153,0.787147,1,1.1009,2.348,3.3925,1.3672,1.3968,3.8926,154.0272,190.9642,2.4991,15.0428,68.5109,6.8922,4.9761
154,0.773101,2,0.7709,3.33,3.4394,1.2302,2.3535,3.6825,55.274,228.1401,2.1363,14.7744,84.918,6.8844,6.2109
155,0.781266,3,1.0187,1.7544,4.4091,0.5106,1.7493,5.979,136.5822,179.1291,2.5533,12.1563,62.7368,5.747,3.7736
156,0.759897,0,1.3075,1.6216,6.4044,1.0256,2.8399,5.8119,157.6376,206.3075,2.334,16.3721,75.4136,4.9845,5.8329
157,0.787551,1,1.0941,4.1212,3.4363,1.9449,3.0074,2.6096,189.5218,219.8557,3.2813,11.4465,59.3112,5.6784,2.3085
158,0.773614,2,1.1438,1.3703,6.8204,0.5623,3.153,4.897,188.0857,187.694,1.689,16.2235,66.0222,4.712,6.1778
159,0.782519,3,1.0218,4.3473,5.6169,0.6459,3.0405,4.6553,194.7372,122.6984,3.1107,12.596,73.5166,5.6838,4.722
160,0.769666,0,0.9819,6.1794,2.7939,1.2064,1.6525,5.1838,121.0109,223.7233,3.1075,13.3818,69.2467,5.9305,4.7149
161,0.77635,1,1.0622,2.9919,1.961,1.1312,2.5618,2.912,185.6412,221.4402,2.0138,12.2631,57.84,4.9036,5.2907
162,0.779034,2,0.9234,3.3157,6.4838,0.9418,1.8534,5.7917,118.5728,218.4515,2.3267,15.807,63.6816,6.1589,6.4317
163,0.76927,3,1.3185,3.0432,4.2206,1.4216,2.514,3.6996,211.9589,179.2775,3.6491,12.5641,63.3515,7.8333,3.7636
164,0.763618,0,1.1617,3.8007,2.8198,1.1435,2.5581,4.0772,205.5126,199.4204,2.928,12.7641,68.4295,6.3548,3.2196
165,0.784869,1,0.9639,3.5281,3.9694,1.1738,2.1217,3.2574,203.8711,168.2975,2.8897,13.5956,67.6439,6.498,2.9503
166,0.771047,2,0.9605,2.1419,4.0425,1.4422,2.1711,3.6751,179.2248,157.2063,2.2647,14.4969,61.7353,7.3135,2.455
167,0.776004,3,1.1047,3.2492,3.9086,1.4268,2.7305,4.4881,171.0347,197.6972,2.9804,8.606,63.6631,6.079,4.2935
168,0.768004,0,0.9999,1.5239,5.492,2.1383,2.9924,3.3971,135.7063,199.2695,2.5472,13.0092,57.3542,4.5714,3.5072
169,0.778807,1,1.0804,3.641,4.8666,2.2403,2.2383,3.796,153.1225,165.6549,2.9279,11.8365,67.276,5.9032,1.9612
170,0.773498,2,0.8573,1.9763,5.4695,1.3346,2.7504,3.6983,152.9755,185.8196,2.4519,11.286,62.0296,5.1676,4.8917
171,0.774177,3,1.0398,2.856,5.0135,0.5403,2.1368,4.8029,105.3374,204.4023,3.1779,13.2574,67.1848,7.2482,3.4986
172,0.771091,0,1.3573,3.5353,5.043,1.1793,3.5449,4.5198,163.2741,190.1891,2.1658,12.6612,71.8824,4.6518,3.7381
173,0.779835,1,0.8925,2.5746,2.3676,1.6339,1.5198,3.1775,148.7926,204.8211,2.7839,12.8563,54.7138,4.6848,2.387
174,0.774293,2,0.8982,3.0054,3.9912,1.3434,1.0794,4.3245,150.9032,179.1425,2.6079,15.1029,62.5076,5.9748,4.5573
175,0.775206,3,0.8308,3.6221,2.0317,1.5613,2.1294,2.82,187.204,156.0392,2.9927,8.3442,62.5177,5.2812,2.741
176,0.774691,0,1.1341,3.729,3.4912,1.1709,2.7405,3.8481,140.492,218.1948,3.5308,13.9131,56.3493,7.608,2.5375
177,0.786082,1,1.2329,2.5814,4.0503,1.7116,3.3619,3.5694,178.234,241.1164,2.1636,15.4117,78.0565,5.2296,1.4769
178,0.772354,2,0.8769,3.3547,3.7768,1.3131,2.4083,3.3788,143.5726,184.4329,3.7232,12.643,65.7185,6.9014,1.556
179,0.784173,3,1.0907,4.0213,4.8255,2.2105,2.0469,2.265,184.3639,149.384,2.6435,12.0388,70.6558,5.7119,3.2528
180,0.774974,0,0.9888,2.5816,4.1405,0.916,1.2642,2.8329,107.6641,193.2829,3.0814,11.1535,59.0863,7.0136,3.1212
181,0.784354,1,0.6719,4.2332,2.6633,1.1986,2.0807,4.3427,177.848,196.6959,2.5401,13.1245,62.6659,4.5766,3.1014
182,0.777378,2,1.0081,2.9859,3.1669,2.2334,1.7861,3.0048,113.5586,193.2695,3.1218,12.0729,67.5225,6.4694,1.749
183,0.777892,3,0.7346,1.6979,2.9729,1.1291,1.6805,5.1306,123.7555,220.2638,3.0317,10.2409,73.7652,5.5864,4.2242
184,0.768914,0,0.923,3.0065,4.5745,1.6295,2.9869,3.4873,164.6681,161.9287,3.0684,15.1145,81.8854,3.9578,2.3603
185,0.786523,1,0.9481,4.5444,3.2935,0.3898,3.072,2.8858,236.8566,222.8387,1.6389,12.8995,68.367,4.7986,2.2166
186,0.772354,2,1.0175,2.9539,2.5165,1.836,3.3372,2.6387,143.4041,207.1723,2.5534,14.0178,70.0221,6.717,1.4275
187,0.772237,3,0.9028,3.2872,2.6375,2.3737,2.2171,3.861,138.3149,180.5359,2.099,14.3429,69.8359,4.8818,1.6241
188,0.769666,0,1.1512,4.2711,5.3829,1.7737,1.7206,3.971,202.361,194.7745,2.4347,11.8729,72.2901,5.9775,2.1587
189,0.79321,1,1.0799,3.5882,2.9467,1.2542,3.5338,4.5477,178.9715,208.6412,2.7476,13.484,75.6582,5.7828,1.1721
190,0.771561,2,0.9701,2.9171,4.3846,1.569,2.8369,3.9071,119.8248,246.2407,2.816,14.517,67.4486,5.1659,2.9547
191,0.781491,3,0.926,4.495,3.6485,1.6279,2.9183,3.3088,199.2176,225.6599,2.234,14.1563,68.691,4.113,2.2357
192,0.766975,0,1.0581,3.3827,3.7975,1.9407,3.8958,2.8008,157.39,235.6431,1.7928,10.422,71.3245,3.871,1.8049
193,0.782407,1,1.1311,2.7322,2.7856,1.5231,2.7298,4.1804,154.852,213.5014,3.2592,12.0364,59.6072,6.4633,4.6171
194,0.778406,2,1.0645,1.8335,4.3195,1.7507,2.2746,3.8214,129.6726,232.1596,2.6787,12.8776,76.9199,6.1979,2.9884
195,0.783213,3,0.8507,2.7251,3.0521,1.844,2.8697,3.6438,131.1473,236.6048,2.6925,13.4274,75.3493,5.5072,4.2592
196,0.7661,0,1.0449,2.6888,4.2148,0.473,3.3295,3.1296,228.3468,207.6234,2.9674,14.0223,65.9782,5.136,1.5705
197,0.783213,1,1.1287,3.7954,3.3462,1.0953,3.2287,3.5917,189.5187,252.6162,2.5383,13.7906,55.8958,5.1953,1.8335
198,0.76927,2,0.9321,5.0429,4.7377,0.9208,4.8779,4.0716,162.3716,181.4048,2.5134,13.771,70.3367,5.4438,1.4285
199,0.764132,3,0.9011,3.3781,3.2155,0.8768,3.4688,4.97,145.7841,232.6812,2.7079,15.4207,85.7624,4.9413,3.1377
