trial,accuracy,running_best
1,0.7172909184197024,0.7172909184197024
3,0.7062146892655368,0.7172909184197024
4,0.5544147843942505,0.7172909184197024
5,0.4948665297741273,0.7172909184197024
6,0.5894141829393628,0.7172909184197024
7,0.6551901336073997,0.7172909184197024
8,0.6338461538461538,0.7172909184197024
9,0.5035897435897436,0.7172909184197024
10,0.6757311441765008,0.7172909184197024
11,0.5570987654320988,0.7172909184197024
12,0.6908063687724705,0.7172909184197024
13,0.7051874678993323,0.7172909184197024
14,0.6503352243424445,0.7172909184197024
15,0.6384180790960452,0.7172909184197024
16,0.5547557840616967,0.7172909184197024
17,0.6851851851851852,0.7172909184197024
18,0.6745501285347044,0.7172909184197024
19,0.5143737166324436,0.7172909184197024
20,0.5766460905349794,0.7172909184197024
21,0.6402877697841727,0.7172909184197024
23,0.4524910118130457,0.7172909184197024
24,0.6111967128916281,0.7172909184197024
26,0.6100564391995895,0.7172909184197024
27,0.6741918932786044,0.7172909184197024
28,0.6680369989722508,0.7172909184197024
29,0.5282340862422998,0.7172909184197024
30,0.4191893278604413,0.7172909184197024
31,0.46687211093990755,0.7172909184197024
32,0.5495125705489995,0.7172909184197024
34,0.6139630390143738,0.7172909184197024
35,0.5566957414058491,0.7172909184197024
36,0.5565262076053443,0.7172909184197024
37,0.6019517205957884,0.7172909184197024
38,0.6663239074550128,0.7172909184197024
39,0.6226899383983573,0.7172909184197024
40,0.37320328542094455,0.7172909184197024
41,0.5326478149100257,0.7172909184197024
42,0.6253854059609455,0.7172909184197024
43,0.7089974293059126,0.7172909184197024
44,0.6894250513347022,0.7172909184197024
45,0.6201232032854209,0.7172909184197024
46,0.6435185185185185,0.7172909184197024
47,0.5727506426735218,0.7172909184197024
48,0.7024665981500514,0.7172909184197024
49,0.6465739309634209,0.7172909184197024
50,0.6712962962962963,0.7172909184197024
51,0.6719712525667351,0.7172909184197024
52,0.6423432682425488,0.7172909184197024
53,0.647663071391885,0.7172909184197024
54,0.731006160164271,0.731006160164271
55,0.6589625064201335,0.731006160164271
56,0.6584488957370314,0.731006160164271
57,0.7271794871794872,0.731006160164271
58,0.6008209338122114,0.731006160164271
59,0.6736788096459723,0.731006160164271
60,0.6642710472279261,0.731006160164271
61,0.6310380267214799,0.731006160164271
62,0.6979487179487179,0.731006160164271
63,0.7089322381930184,0.731006160164271
64,0.696969696969697,0.731006160164271
66,0.7239074550128535,0.731006160164271
67,0.6326321190354027,0.731006160164271
68,0.6524640657084189,0.731006160164271
69,0.6433710174717369,0.731006160164271
70,0.7106076210092688,0.731006160164271
71,0.7384378211716341,0.7384378211716341
72,0.7151670951156812,0.7384378211716341
73,0.7021058038007191,0.7384378211716341
74,0.7055498458376156,0.7384378211716341
76,0.7222792607802875,0.7384378211716341
79,0.697327852004111,0.7384378211716341
80,0.7225077081192189,0.7384378211716341
81,0.7255002565418163,0.7384378211716341
82,0.7012853470437018,0.7384378211716341
83,0.6622039134912462,0.7384378211716341
84,0.7271325796505652,0.7384378211716341
85,0.7143592382913021,0.7384378211716341
86,0.7239074550128535,0.7384378211716341
87,0.7231085949562532,0.7384378211716341
88,0.7143589743589743,0.7384378211716341
89,0.711864406779661,0.7384378211716341
90,0.6870818322182193,0.7384378211716341
91,0.6808838643371018,0.7384378211716341
92,0.7274127310061602,0.7384378211716341
93,0.6877247046738573,0.7384378211716341
94,0.7462839569451564,0.7462839569451564
95,0.7379239465570401,0.7462839569451564
96,0.736896197327852,0.7462839569451564
97,0.6835051546391753,0.7462839569451564
98,0.7141388174807198,0.7462839569451564
99,0.7268993839835729,0.7462839569451564
100,0.7311053984575836,0.7462839569451564
101,0.7406266050333847,0.7462839569451564
102,0.6147919876733436,0.7462839569451564
103,0.6649537512846866,0.7462839569451564
104,0.6863753213367609,0.7462839569451564
105,0.7419023136246786,0.7462839569451564
106,0.7510288065843621,0.7510288065843621
107,0.6913199794555727,0.7510288065843621
108,0.728952772073922,0.7510288065843621
109,0.7316572601334017,0.7510288065843621
110,0.7184615384615385,0.7510288065843621
111,0.7055498458376156,0.7510288065843621
112,0.7262455059065228,0.7510288065843621
113,0.7055498458376156,0.7510288065843621
114,0.7444730077120822,0.7510288065843621
115,0.4951156812339332,0.7510288065843621
116,0.6985105290190036,0.7510288065843621
117,0.710174717368962,0.7510288065843621
118,0.7226502311248074,0.7510288065843621
119,0.737301180092355,0.7510288065843621
120,0.6475115443817342,0.7510288065843621
121,0.6498714652956298,0.7510288065843621
122,0.7051874678993323,0.7510288065843621
123,0.7303543913713405,0.7510288065843621
124,0.7252182845403184,0.7510288065843621
125,0.6334190231362468,0.7510288065843621
126,0.7332990750256937,0.7510288065843621
127,0.7308680020544427,0.7510288065843621
128,0.7305912596401029,0.7510288065843621
129,0.7318952234206472,0.7510288065843621
130,0.7252182845403184,0.7510288065843621
131,0.7456230690010298,0.7510288065843621
132,0.724049331963001,0.7510288065843621
133,0.7389516957862282,0.7510288065843621
134,0.7397119341563786,0.7510288065843621
135,0.7429451000513083,0.7510288065843621
136,0.7470497691123653,0.7510288065843621
137,0.7341902313624679,0.7510288065843621
138,0.6846707818930041,0.7510288065843621
139,0.6682074987159733,0.7510288065843621
140,0.7209660842754368,0.7510288065843621
141,0.7275525910723448,0.7510288065843621
142,0.7049433573635427,0.7510288065843621
143,0.7236774524910118,0.7510288065843621
144,0.7247046738572163,0.7510288065843621
145,0.7253086419753086,0.7510288065843621
146,0.7447246525990736,0.7510288065843621
147,0.7341902313624679,0.7510288065843621
148,0.631551901336074,0.7510288065843621
149,0.6661530559835644,0.7510288065843621
150,0.7158273381294964,0.7510288065843621
151,0.7038560411311054,0.7510288065843621
152,0.7271325796505652,0.7510288065843621
153,0.7257318952234206,0.7510288065843621
154,0.6856702619414484,0.7510288065843621
155,0.7431806484817293,0.7510288065843621
156,0.6894250513347022,0.7510288065843621
157,0.7498715973292245,0.7510288065843621
158,0.6680369989722508,0.7510288065843621
159,0.662217659137577,0.7510288065843621
160,0.6449126413155191,0.7510288065843621
161,0.724049331963001,0.7510288065843621
162,0.6027749229188079,0.7510288065843621
163,0.678847143592383,0.7510288065843621
164,0.6498973305954825,0.7510288065843621
165,0.745510518214469,0.7510288065843621
166,0.7354904982023626,0.7510288065843621
167,0.7338129496402878,0.7510288065843621
168,0.6651258346173601,0.7510288065843621
169,0.7164869029275809,0.7510288065843621
170,0.6957414058491534,0.7510288065843621
171,0.7272727272727273,0.7510288065843621
172,0.7157516675218061,0.7510288065843621
173,0.733949666153056,0.7510288065843621
174,0.7203694202154951,0.7510288065843621
175,0.6887860082304527,0.7510288065843621
176,0.6380903490759754,0.7510288065843621
177,0.7223650385604113,0.7510288065843621
178,0.7180277349768875,0.7510288065843621
179,0.6782965623396614,0.7510288065843621
180,0.7013853258081068,0.7510288065843621
181,0.686858316221766,0.7510288065843621
182,0.742299794661191,0.7510288065843621
183,0.6485097636176773,0.7510288065843621
184,0.7343268242548818,0.7510288065843621
185,0.6541623843782117,0.7510288065843621
186,0.7197943444730077,0.7510288065843621
187,0.6536685479733196,0.7510288065843621
188,0.6893353941267388,0.7510288065843621
189,0.7066392177045805,0.7510288065843621
190,0.7211934156378601,0.7510288065843621
191,0.7161190965092402,0.7510288065843621
192,0.7529532614278377,0.7529532614278377
193,0.7263374485596708,0.7529532614278377
194,0.694558521560575,0.7529532614278377
195,0.7079691516709512,0.7529532614278377
196,0.7273193234238852,0.7529532614278377
197,0.7041602465331279,0.7529532614278377
198,0.7253992787223081,0.7529532614278377
199,0.7362750128270908,0.7529532614278377
200,0.7130390143737166,0.7529532614278377
201,0.7347357619291944,0.7529532614278377
202,0.7324088341037494,0.7529532614278377
203,0.7302158273381295,0.7529532614278377
204,0.7095115681233933,0.7529532614278377
205,0.7252182845403184,0.7529532614278377
206,0.7296049256028733,0.7529532614278377
207,0.742299794661191,0.7529532614278377
208,0.7379239465570401,0.7529532614278377
209,0.7403598971722365,0.7529532614278377
210,0.7286742034943474,0.7529532614278377
211,0.7429451000513083,0.7529532614278377
212,0.74884437596302,0.7529532614278377
213,0.7284394250513347,0.7529532614278377
214,0.7269922879177377,0.7529532614278377
215,0.7099589322381931,0.7529532614278377
216,0.7097272259392692,0.7529532614278377
217,0.7294238683127572,0.7529532614278377
218,0.7378142637249872,0.7529532614278377
219,0.7317574511819116,0.7529532614278377
220,0.7342945417095778,0.7529532614278377
221,0.723305954825462,0.7529532614278377
222,0.7267591165896251,0.7529532614278377
223,0.7330595482546202,0.7529532614278377
224,0.7139188495120699,0.7529532614278377
225,0.7226502311248074,0.7529532614278377
226,0.6849948612538541,0.7529532614278377
227,0.7259640102827764,0.7529532614278377
228,0.7343589743589743,0.7529532614278377
229,0.7412551440329218,0.7529532614278377
230,0.7439588688946015,0.7529532614278377
231,0.7390633041688112,0.7529532614278377
232,0.7277406073082862,0.7529532614278377
233,0.6890713186249359,0.7529532614278377
234,0.7548918640576725,0.7548918640576725
235,0.7510288065843621,0.7548918640576725
236,0.734945959855893,0.7548918640576725
237,0.7402464065708418,0.7548918640576725
238,0.7566735112936345,0.7566735112936345
239,0.713477366255144,0.7566735112936345
240,0.7410256410256411,0.7566735112936345
241,0.7299794661190965,0.7566735112936345
242,0.746276322547509,0.7566735112936345
243,0.7511568123393316,0.7566735112936345
244,0.7170005136106831,0.7566735112936345
245,0.7284394250513347,0.7566735112936345
246,0.7417864476386037,0.7566735112936345
247,0.7313432835820896,0.7566735112936345
248,0.7317574511819116,0.7566735112936345
249,0.7336760925449871,0.7566735112936345
250,0.7366529774127311,0.7566735112936345
251,0.7435765673175745,0.7566735112936345
252,0.7252182845403184,0.7566735112936345
253,0.7219086711133915,0.7566735112936345
254,0.7274127310061602,0.7566735112936345
255,0.7385721623009759,0.7566735112936345
256,0.7312435765673175,0.7566735112936345
257,0.7293271700051361,0.7566735112936345
258,0.654835390946502,0.7566735112936345
259,0.736517719568567,0.7566735112936345
260,0.7215645908389089,0.7566735112936345
261,0.72853470437018,0.7566735112936345
262,0.7311053984575836,0.7566735112936345
263,0.733264675592173,0.7566735112936345
264,0.732683427398666,0.7566735112936345
265,0.7448559670781894,0.7566735112936345
266,0.7050952135872363,0.7566735112936345
267,0.7570621468926554,0.7570621468926554
268,0.7307692307692307,0.7570621468926554
269,0.7261048304213772,0.7570621468926554
270,0.7298407806882383,0.7570621468926554
271,0.7354904982023626,0.7570621468926554
272,0.7370313302516692,0.7570621468926554
273,0.7391975308641975,0.7570621468926554
274,0.7282051282051282,0.7570621468926554
275,0.7276464542651593,0.7570621468926554
276,0.7502564102564102,0.7570621468926554
277,0.7208226221079691,0.7570621468926554
278,0.7258230452674898,0.7570621468926554
279,0.7318952234206472,0.7570621468926554
280,0.7344632768361582,0.7570621468926554
281,0.7159732922444787,0.7570621468926554
282,0.7602669404517454,0.7602669404517454
283,0.7412731006160165,0.7602669404517454
284,0.7284394250513347,0.7602669404517454
285,0.7407407407407407,0.7602669404517454
286,0.7463991769547325,0.7602669404517454
287,0.7296049256028733,0.7602669404517454
288,0.7361396303901437,0.7602669404517454
289,0.7291880781089414,0.7602669404517454
290,0.7370313302516692,0.7602669404517454
291,0.7429451000513083,0.7602669404517454
292,0.7381930184804928,0.7602669404517454
293,0.7435897435897436,0.7602669404517454
294,0.7464065708418891,0.7602669404517454
295,0.7316195372750642,0.7602669404517454
296,0.655012853470437,0.7602669404517454
297,0.736896197327852,0.7602669404517454
298,0.7362467866323907,0.7602669404517454
299,0.7429305912596401,0.7602669404517454
300,0.7280205655526992,0.7602669404517454
301,0.7574511819116135,0.7602669404517454
302,0.7473035439137135,0.7602669404517454
303,0.7508988186954288,0.7602669404517454
304,0.7315195071868583,0.7602669404517454
305,0.7453608247422681,0.7602669404517454
306,0.6946015424164524,0.7602669404517454
307,0.7401129943502824,0.7602669404517454
308,0.7037037037037037,0.7602669404517454
309,0.7378142637249872,0.7602669404517454
310,0.7433264887063655,0.7602669404517454
311,0.7284394250513347,0.7602669404517454
312,0.7260133401744484,0.7602669404517454
313,0.7311441765007696,0.7602669404517454
314,0.7360041088854649,0.7602669404517454
315,0.7248459958932238,0.7602669404517454
316,0.7345679012345679,0.7602669404517454
317,0.728578758337609,0.7602669404517454
318,0.736896197327852,0.7602669404517454
319,0.7361396303901437,0.7602669404517454
320,0.7348406988694759,0.7602669404517454
321,0.7281603288797533,0.7602669404517454
322,0.7341902313624679,0.7602669404517454
323,0.7421674370826913,0.7602669404517454
324,0.7307297019527236,0.7602669404517454
325,0.7284394250513347,0.7602669404517454
326,0.7345995893223819,0.7602669404517454
327,0.7347357619291944,0.7602669404517454
328,0.7060637204522097,0.7602669404517454
329,0.6475115443817342,0.7602669404517454
330,0.7236774524910118,0.7602669404517454
331,0.7404933196300103,0.7602669404517454
332,0.685479733196511,0.7602669404517454
333,0.7407597535934292,0.7602669404517454
334,0.7294661190965093,0.7602669404517454
335,0.7076053442959918,0.7602669404517454
336,0.6149100257069409,0.7602669404517454
337,0.732683427398666,0.7602669404517454
338,0.7221366204417052,0.7602669404517454
339,0.7425488180883865,0.7602669404517454
340,0.7168550873586845,0.7602669404517454
341,0.7351129363449692,0.7602669404517454
342,0.7157516675218061,0.7602669404517454
343,0.7425641025641025,0.7602669404517454
344,0.7517985611510791,0.7602669404517454
345,0.7358684480986639,0.7602669404517454
346,0.6947584789311408,0.7602669404517454
347,0.7403598971722365,0.7602669404517454
348,0.7293271700051361,0.7602669404517454
349,0.7257318952234206,0.7602669404517454
350,0.6310380267214799,0.7602669404517454
351,0.7343589743589743,0.7602669404517454
352,0.7274127310061602,0.7602669404517454
353,0.742299794661191,0.7602669404517454
354,0.7253593429158111,0.7602669404517454
355,0.7263374485596708,0.7602669404517454
356,0.7279260780287474,0.7602669404517454
357,0.7348717948717949,0.7602669404517454
358,0.7474332648870636,0.7602669404517454
359,0.733949666153056,0.7602669404517454
360,0.7271794871794872,0.7602669404517454
361,0.7319958847736625,0.7602669404517454
362,0.7263860369609856,0.7602669404517454
363,0.7163412127440905,0.7602669404517454
364,0.744987146529563,0.7602669404517454
365,0.719856336582863,0.7602669404517454
366,0.7117948717948718,0.7602669404517454
367,0.7435765673175745,0.7602669404517454
368,0.7361396303901437,0.7602669404517454
369,0.7316572601334017,0.7602669404517454
370,0.744987146529563,0.7602669404517454
371,0.7258726899383984,0.7602669404517454
372,0.7195685670261941,0.7602669404517454
373,0.7274127310061602,0.7602669404517454
374,0.7275525910723448,0.7602669404517454
375,0.7510266940451745,0.7602669404517454
376,0.7407597535934292,0.7602669404517454
377,0.7487153134635149,0.7602669404517454
378,0.7389516957862282,0.7602669404517454
379,0.7345995893223819,0.7602669404517454
380,0.7231085949562532,0.7602669404517454
382,0.7353545734840699,0.7602669404517454
383,0.7166409067490984,0.7602669404517454
384,0.5700359158542843,0.7602669404517454
385,0.49974345818368393,0.7602669404517454
386,0.5726013340174448,0.7602669404517454
387,0.6497435897435897,0.7602669404517454
388,0.6403283735248846,0.7602669404517454
389,0.5094823167606356,0.7602669404517454
390,0.6582604220277921,0.7602669404517454
391,0.5523613963039015,0.7602669404517454
392,0.6779835390946503,0.7602669404517454
393,0.7044638276038995,0.7602669404517454
394,0.6635706914344686,0.7602669404517454
395,0.6587993842996408,0.7602669404517454
396,0.5603492552645095,0.7602669404517454
397,0.6798561151079137,0.7602669404517454
398,0.6639302206259621,0.7602669404517454
399,0.5133470225872689,0.7602669404517454
400,0.5914696813977389,0.7602669404517454
401,0.646755921730175,0.7602669404517454
402,0.5123076923076924,0.7602669404517454
403,0.6503856041131105,0.7602669404517454
404,0.46937725167267114,0.7602669404517454
405,0.58,0.7602669404517454
406,0.5259373394966615,0.7602669404517454
407,0.5797845048742946,0.7602669404517454
408,0.6868272680676576,0.7602669404517454
409,0.6264131551901336,0.7602669404517454
410,0.5900461775269369,0.7602669404517454
411,0.544427324088341,0.7602669404517454
412,0.4537987679671458,0.7602669404517454
413,0.6177526936890713,0.7602669404517454
414,0.6483290488431876,0.7602669404517454
415,0.6810477657935285,0.7602669404517454
416,0.6639260020554985,0.7602669404517454
417,0.3569594247560349,0.7602669404517454
418,0.5978428351309707,0.7602669404517454
419,0.5954825462012321,0.7602669404517454
420,0.6536082474226804,0.7602669404517454
421,0.6536685479733196,0.7602669404517454
422,0.35843218153687467,0.7602669404517454
423,0.587782340862423,0.7602669404517454
424,0.6868894601542417,0.7602669404517454
425,0.5761316872427984,0.7602669404517454
426,0.6760780287474333,0.7602669404517454
427,0.5315546434068753,0.7602669404517454
428,0.5925925925925926,0.7602669404517454
429,0.4165382639958911,0.7602669404517454
430,0.4162802679031427,0.7602669404517454
431,0.656731757451182,0.7602669404517454
432,0.6466358500256806,0.7602669404517454
433,0.47788065843621397,0.7602669404517454
434,0.5061601642710473,0.7602669404517454
435,0.4415851775604735,0.7602669404517454
436,0.7070914696813977,0.7602669404517454
437,0.661025641025641,0.7602669404517454
438,0.5941508465879939,0.7602669404517454
439,0.5761148129164531,0.7602669404517454
440,0.5464340687532068,0.7602669404517454
441,0.6306584362139918,0.7602669404517454
442,0.368502316006176,0.7602669404517454
443,0.5881443298969072,0.7602669404517454
444,0.44131214761660686,0.7602669404517454
445,0.6253854059609455,0.7602669404517454
446,0.6466049382716049,0.7602669404517454
447,0.6887519260400616,0.7602669404517454
448,0.6438497169325785,0.7602669404517454
449,0.6480246280143663,0.7602669404517454
450,0.6938461538461539,0.7602669404517454
451,0.5328879753340185,0.7602669404517454
452,0.6776519052523172,0.7602669404517454
453,0.6628807434176561,0.7602669404517454
454,0.5481214616572311,0.7602669404517454
455,0.5881748071979435,0.7602669404517454
456,0.5856410256410256,0.7602669404517454
457,0.583547557840617,0.7602669404517454
458,0.6262210796915167,0.7602669404517454
459,0.4260780287474333,0.7602669404517454
460,0.5192604006163328,0.7602669404517454
461,0.430919363122753,0.7602669404517454
462,0.521047227926078,0.7602669404517454
463,0.5747303543913713,0.7602669404517454
464,0.7239074550128535,0.7602669404517454
465,0.5736275012827091,0.7602669404517454
466,0.5892307692307692,0.7602669404517454
467,0.6889460154241646,0.7602669404517454
468,0.5815748841996912,0.7602669404517454
469,0.5277492291880781,0.7602669404517454
470,0.5041067761806981,0.7602669404517454
471,0.5651282051282052,0.7602669404517454
472,0.6810477657935285,0.7602669404517454
473,0.4675925925925926,0.7602669404517454
474,0.4681724845995893,0.7602669404517454
475,0.45477903391572455,0.7602669404517454
476,0.5469471523858389,0.7602669404517454
477,0.6502564102564102,0.7602669404517454
478,0.6488431876606684,0.7602669404517454
479,0.35523613963039014,0.7602669404517454
480,0.6584488957370314,0.7602669404517454
481,0.6685479733196511,0.7602669404517454
482,0.6791581108829569,0.7602669404517454
483,0.5872689938398358,0.7602669404517454
484,0.6439199589533093,0.7602669404517454
485,0.610683102208526,0.7602669404517454
486,0.655207798871216,0.7602669404517454
487,0.60431654676259,0.7602669404517454
488,0.5331278890600925,0.7602669404517454
489,0.6911613566289825,0.7602669404517454
490,0.6343589743589744,0.7602669404517454
491,0.6743708269131998,0.7602669404517454
492,0.4427911749615187,0.7602669404517454
493,0.45151359671626473,0.7602669404517454
494,0.34291581108829566,0.7602669404517454
495,0.5906522855675398,0.7602669404517454
496,0.7164869029275809,0.7602669404517454
497,0.4590838908903757,0.7602669404517454
498,0.5616649537512847,0.7602669404517454
499,0.5991778006166495,0.7602669404517454
500,0.6517719568567026,0.7602669404517454
501,0.6428937916880452,0.7602669404517454
502,0.6584362139917695,0.7602669404517454
503,0.6676954732510288,0.7602669404517454
504,0.5125964010282776,0.7602669404517454
505,0.5838891739353514,0.7602669404517454
506,0.7139917695473251,0.7602669404517454
507,0.4117948717948718,0.7602669404517454
508,0.39034411915767847,0.7602669404517454
509,0.49177800616649536,0.7602669404517454
