trial,accuracy,duration_s,cost_impossible,cost_minor,cost_no_match,gap_general_severe,gap_minor_general,ged_timeout,norm_angle,norm_cycle,norm_hdir,norm_x,norm_y,simplification_epsilon,skel_threshold
0,0.740760,124,32.50066778230339,0.25953046946896285,0.8580836121681995,0.08899863008405066,0.08900466011060913,8.119941307320987,324.81295456808857,5.834504186890968,0.5720457300353086,3.404460046972835,3.332290311184182,5.659969709057026,150
2,0.728674,195,32.50066778230339,0.25953046946896285,0.8580836121681995,0.08899863008405066,0.08900466011060913,8.119941307320987,324.81295456808857,5.834504186890968,0.5720457300353086,3.404460046972835,3.332290311184182,5.659969709057026,150
3,0.687564,323,14.333875784756225,0.1564847850358382,1.0912291401980418,0.15798625466052896,0.18118910790805948,6.3357302174610375,314.88695189253286,3.0083849131936975,1.782266451527921,1.5579754426081673,1.6685785941408726,2.917022549267169,100
4,0.512070,104,42.41456837579216,0.0662576444519992,0.8650515929852796,0.09263103092182289,0.20188621297535958,6.196411603741957,293.68893556755296,1.0371966270351112,1.5661481921067975,4.862528132298237,3.7335893924658445,4.962072844310212,120
5,0.502575,123,5.454857126926343,0.06203598239032644,1.462522284353982,0.11469499540000423,0.27733010051969553,8.841677431135615,312.77789290583405,5.832715452705072,1.1469905943393446,3.0802720847112433,2.6868411173731186,4.475884550556351,90
6,0.723907,156,5.699310014070045,0.37265598225809093,0.8452272889105381,0.0989957156047863,0.07212312551297988,14.33448835720608,208.99624703434995,2.462143296814741,3.4005812820317525,2.554709158757928,1.5853961270955836,4.989499894055426,150
7,0.504644,107,2.035867849937331,0.0760927252879198,0.9987156815341725,0.24306119232416434,0.2967217341501293,9.969656914740733,165.54937686415897,4.741986906772701,3.0515250881434555,4.261845713819337,3.3274293753904685,6.010984903770199,90
8,0.715681,124,5.696613722222484,0.2681543443896453,1.1109823217156622,0.06588958757150591,0.13272450621316229,7.943123013986999,175.11479164704335,3.097182088390721,3.605244599017143,3.9184247133522563,3.0502298854208525,6.315517129377968,90
9,0.723164,433,2.170523088530615,0.3198385129840964,1.2275410183585498,0.18068320734549853,0.17344889909109767,11.845692659452945,256.7998451445876,2.228957895919797,2.7274364394232316,1.4315657079732178,0.625716742746937,4.806385987847481,140
10,0.724563,240,3.3605292772340416,0.31444289849006707,1.089751452913768,0.06924497745719825,0.10719954137290562,13.983231213187024,318.77113614881404,5.293033246032447,2.716913147786482,4.718790609370292,3.732481518257668,4.051914615178148,100
11,0.732785,167,4.165524361876266,0.3326040543074219,0.9100519245276768,0.12950086874296596,0.2740228249808733,6.052270647746394,257.2569335412888,0.5382367179215488,3.5125570413972023,2.7084311545050253,3.7720590636899725,4.696711209578254,150
12,0.709794,426,19.22243164197907,0.1681653099912698,1.318790621743366,0.1308007330051888,0.2857274259781298,8.59152103463657,254.42218623740095,1.8848026270395029,3.8685655322973895,2.454518409517176,4.387128330883843,2.599326836668414,100
13,0.710757,608,37.216130520992834,0.26334751689296393,1.0786464642366114,0.06286968781249734,0.1756697558072154,7.309661407984466,200.83160701741508,5.921077497608304,2.2130846609714707,1.9582475626678897,1.0795794883648924,2.1844347367726638,100
14,0.717738,292,11.220465175247261,0.30487572201415086,1.4335297107608946,0.20807645764839489,0.14194578317981332,11.393491021464664,158.56277972650042,1.5258518071991982,1.6227302274010755,1.3611590802176332,3.841209982356952,3.1881877199619986,140
15,0.750899,595,18.48925887700413,0.22923257040474837,0.9743664290049915,0.21129319760236248,0.10662394379948449,10.49982237507066,173.8294394605237,2.3758649307764217,0.9813233045109764,2.5469413852021496,4.246919954946938,2.0829391446392806,130
16,0.749486,440,18.949920668513517,0.2131673968420515,1.3047560412587564,0.1672793905315696,0.2397066722950561,9.48963701803367,226.78961784479344,4.8079697356431,2.281075572450188,2.4632102553121493,1.646175229587325,2.9183943243184656,120
17,0.749357,185,2.545066131830707,0.18231026813594747,1.3630395583031156,0.1777492212767574,0.2108684636006556,11.43582360057847,229.2093861257555,2.9956214576617524,2.4136298958079005,3.314381268127279,2.226209156575865,4.303668810098948,120
18,0.757591,267,20.988152459256952,0.26322601049013555,1.246860476652806,0.16936634737605577,0.22509099316784414,9.376511628350173,262.0173772836004,2.757370325523284,1.6363703159798968,3.310738463488393,3.10587582155341,3.453987323958354,130
19,0.717369,150,6.647647110295968,0.16517060735614264,1.526131669168322,0.1955982342612489,0.14917218430707668,14.812132175966289,215.96112307977836,3.9832634026100706,2.096263228431284,2.708556192288799,2.589924374953781,4.139601098599847,110
20,0.605967,143,26.6721544315794,0.11082400206097368,1.6465321819705132,0.1779281961140991,0.17283247137304691,9.669915180904297,264.32342168765973,3.4819429865282947,1.3210808919227266,3.5578171474332203,2.3237908066179163,4.084856867598312,110
21,0.761171,279,11.550801417220551,0.2343737458482112,1.466545696712358,0.16300947708192387,0.178948296825726,10.862905440595567,263.87130720666715,3.233115271731458,2.3839754974606504,3.406056689742499,2.8253328840806025,4.096390188048774,130
22,0.742416,160,27.927409642394565,0.18504847075832614,1.4817170790145548,0.21220053061529065,0.14791212410650528,7.572937555886028,271.07124962018025,3.507252846116574,1.4145424082394196,3.7477746860701435,2.7613493195009196,4.540678147036698,130
23,0.746660,142,19.587450880732302,0.17440425285646102,1.2487866449076654,0.18442555872720207,0.12728947405102978,8.29994873634201,226.91845235769443,4.372445772742571,1.7773441676107962,2.875929974003367,2.1240143674691745,4.672331419942532,110
24,0.703647,123,9.825046612700273,0.1624657522774013,1.2768199133007334,0.17290981561607924,0.18978265124284993,8.529525350957634,238.84513159556968,3.1562566856457206,2.723632296032005,2.6626752140380265,1.9267716267693995,5.507140990890819,130
25,0.729702,294,19.02125582862694,0.17512350981902985,1.2718515999565807,0.2064600045306546,0.12500329546774658,9.88778925825866,225.62114972988266,4.681319045444888,2.88669318877152,3.0477079450545763,2.792038989698177,3.572096657479845,140
26,0.746660,136,8.429196987646014,0.2735050740638295,1.3574733165196151,0.17378421008468597,0.19516508108962788,10.564726551615864,254.81134923118265,2.920331894889826,2.612901447999112,2.463447884673092,1.8707604477249316,5.214017009722417,120
27,0.748331,301,24.807059516162276,0.27655598419390515,1.5372619615359107,0.16346681322791706,0.2011167608421507,10.84872613228331,284.17014219288137,3.299052626422332,2.6242306007301965,3.6392449337531034,2.791309244888922,3.4886042374284467,110
28,0.776978,248,4.229293163834328,0.2291741035760141,1.2536542464884255,0.20368940360364723,0.2035270011227906,9.701624746329866,302.3277188435969,4.04556149521526,2.0418918557794763,2.5871022498005742,3.6011316543159975,3.796548975942503,140
29,0.765794,458,28.78361344046937,0.21139131355786966,1.2462615765104248,0.10883024084038669,0.18839400274449725,11.547764971991022,250.15727793016237,3.4623555221175315,2.701080586993405,3.5151524691374028,2.74603996071803,2.723515284664902,130
30,0.751540,235,17.456403581279815,0.24667664888242774,1.5094961357474315,0.1939957309822093,0.24465376700251246,9.940303480973505,210.79348560129887,1.7258733738749044,1.8995964700068635,4.210358776923856,1.7469322243141636,3.430921338937153,140
31,0.734190,229,6.824699134490134,0.18250314658288613,1.7358767068614045,0.11432197884168281,0.2084903446012325,9.582048191784631,263.4769396547879,3.0474256264471746,2.0271702816689072,4.196655270832178,3.408000790013987,3.823208146824241,140
32,0.738952,190,17.15944713898719,0.18146630034266786,1.3203992700994243,0.17416850474757378,0.2064052713789316,10.623788146156679,283.6132533629142,3.970167434242463,1.0250674527410388,2.6458744165117625,1.7136463119915164,4.043284192339941,130
33,0.752185,316,25.22751261251289,0.2581310497543615,1.2316636503484033,0.16289463822073713,0.27482551082252105,9.958247851839442,268.4656409795738,3.210983774359305,1.5101240283540016,2.6859976654525006,2.0108402930069396,3.6964488399075144,140
34,0.754494,198,8.633416250838692,0.2147539348943796,1.3891528321714803,0.17734016371599864,0.17232632415887408,12.606933540392118,240.14069120095417,2.5973953331366255,2.063970613908443,2.518842154704134,2.4178580983491393,3.8519432136231213,120
35,0.744473,137,4.85498109596998,0.3009667531045129,1.051533579755918,0.17905575866700119,0.27662801029688683,8.485227437902433,252.5017082432393,2.884515686879144,1.5730675051477776,3.2579954506147457,2.640223329865238,4.569768763183343,110
36,0.731282,239,11.095264316164304,0.29892157285049786,1.6328316350865533,0.14576463020463643,0.21019447135094765,9.540661237188857,312.2798269981396,3.513256533552429,2.200178085823474,4.063340754837107,3.0869584056445087,3.7665070306268396,140
37,0.746914,252,12.441113793019175,0.18324662387886964,1.4549127450531418,0.20116452004245594,0.20193567961629638,10.56390037605578,228.33890621867707,1.5972171735150835,2.4344417363511126,3.563022937580141,2.0450769501169805,3.3558606077012905,130
38,0.751543,232,10.436720619669133,0.2890208180778933,1.3534422960677435,0.1742715418790616,0.17753764655410814,9.286987762533967,266.2456510818698,2.9841843176962506,1.9008756972176073,2.8740503034616336,3.665969560151316,4.426916842812742,140
39,0.703951,489,9.112233943405196,0.3248797273918565,1.379438895104828,0.21470522810158726,0.21017396354458667,10.848095234621582,265.1288829332228,4.1351605824724595,2.063487161582291,2.523648249263598,2.524754203627548,3.1190172272731687,140
40,0.755133,181,11.985277943705047,0.20834215375707837,1.2860967287457776,0.22308895586391075,0.16377004067780399,8.193342625161673,285.5108883004831,3.463797793409874,1.6702493180426354,2.5193068867275334,3.5037475359836927,4.457731425115412,140
41,0.729188,220,16.39153335668374,0.1679725872362779,1.2938164959715925,0.14117288178051246,0.1829325047393589,12.615672635618747,275.4890733211213,2.9474660753846864,2.733156543334277,4.005828304295747,2.287640887331447,3.8581096629576566,140
42,0.725732,207,6.494298123483528,0.168808680450298,1.23728308789195,0.11293336937888453,0.21342890168294965,10.849682172449253,257.755879767805,2.4585972013501634,2.4030625616249184,3.7932306868046917,2.9553088314306213,3.6394130280064276,120
43,0.731244,417,5.020171169445466,0.19347739497882915,1.334484256868797,0.2134913832970739,0.21273041081024424,10.085961674240185,239.65649352065054,2.466308095114589,2.4868984415509745,2.9771161434545803,2.8432294217795486,2.7095978004572125,140
44,0.700771,238,12.396033167876112,0.15765920598014005,1.3569711199154126,0.16668306564298555,0.1986861362969899,8.39930820642346,284.9724683850352,4.9561707707235625,1.690622084384363,2.8551880769625946,3.3272573208996166,3.8457952041153747,140
45,0.752699,179,13.871418761626472,0.24555602607700883,1.2940816927465406,0.16451697652505176,0.17191112150186985,9.822424429289635,316.80139302242367,3.396308355974166,1.6905640027370148,4.35040265331287,3.5637291757192644,4.229570863274606,140
46,0.761562,168,12.366529326573266,0.251389401851316,1.1972358349379293,0.1663348096531349,0.14810852542838165,10.583749694022426,295.5385073859605,3.8176460232250635,3.021875093060239,3.0425793151394376,3.1599742632481718,4.708157041700838,130
47,0.750643,361,13.865709642692192,0.24411056247609975,1.1914936017978668,0.17265157230526013,0.24873834650114357,8.671910559687442,265.008863172258,3.577732144111804,2.8712995486732824,2.3090737789768006,3.4332569806589546,3.0218064491727272,150
48,0.755133,314,4.54927084008936,0.19865567816901147,1.439991987202505,0.15079712861794808,0.1844075189226319,10.906665556740839,259.3837401575811,3.27069258817703,2.307444633933515,3.6801466842215946,2.5585231458989273,2.961957319044746,130
49,0.717804,179,12.746269516590957,0.17050817430074683,1.3352779032223197,0.15506611355043615,0.15174366416525703,9.25262572514739,297.43088377923596,3.5991187271617506,2.449498382726836,2.5781338181445466,4.0952954836432065,4.453204356742738,140
50,0.727413,574,5.406325490487276,0.29546527394731464,1.3114050751855304,0.15273668018586328,0.13149020177664272,11.924802462419255,281.8257080076701,4.246978041689944,1.5418516378647535,3.398138901704968,3.658429402237507,3.4063871190933614,130
51,0.739086,127,8.811307170835837,0.26670874850753234,1.1247407561608056,0.24517799587687072,0.1032855529924854,9.959027723203157,247.2789742760399,2.9096064951171754,2.3183909924249093,3.158609489310817,3.572366304718314,5.420769767107622,130
52,0.758993,302,8.859306650949735,0.263635172629064,1.2674250661222395,0.17665603940479896,0.18918204664488086,7.250615435155505,274.31214750666413,3.7837171209630065,2.1800128852827587,3.261223149542755,2.7678781249648328,3.439358601324638,150
53,0.761954,287,8.164127831834781,0.207814000188199,1.1587742689418477,0.16452996647729085,0.1515948742780983,11.737581986023034,302.7334803768626,3.5986311904475596,1.597596623161129,4.15760652525753,3.300532232483452,3.123454621753992,140
54,0.750000,158,12.167603138886728,0.2678568173766183,1.340043360761039,0.24970898811328668,0.1698666130585338,10.645942664790146,256.3945506984551,3.1855285302385408,2.2828074045131657,3.5817083509256453,3.2958771491583123,4.695321414571476,130
55,0.716195,127,6.816778131899493,0.16929907817013895,1.219517013146771,0.21370584360118944,0.20414034814499532,9.311154861680702,319.97467923636754,2.5164903047590514,2.5088716799479718,3.267072596520164,2.6353460539169307,4.655131648976399,130
56,0.746024,184,5.149793528075067,0.267822130458912,1.3451423711285928,0.2022837720624613,0.14506911580895943,10.8349732060918,348.64194215768373,4.2673622111880976,2.684705100003842,4.567545667551228,3.5605147701343145,4.830519105687587,140
57,0.765914,311,15.783485668917676,0.25571554561798615,1.2713324058359876,0.14858599130148364,0.15291568731513527,7.689020112847286,265.42828657985916,3.1634728455372403,2.317936201497825,3.0829057208937214,3.088537543991946,4.427434609736376,130
58,0.757451,179,11.737513667859465,0.2482744882413795,1.4053249543733166,0.2210133358789449,0.15727859588541415,10.29447720947506,284.42169394287515,2.9701261710337463,2.4950241436000127,2.8402959813350654,3.548630049913759,5.255140379736892,120
59,0.763468,182,24.555078655874695,0.19817525965818772,1.442772074435734,0.18172231526257926,0.13636007062188218,11.11772007880055,286.81815150952156,4.4493288698316,2.487997481489784,3.5275521239212053,3.0933025005916273,4.450373620631913,130
60,0.735868,469,16.309904670148303,0.17311801959080605,1.3560438562712362,0.16364578999320725,0.10264481139173054,9.370927064329805,204.20086975873065,3.2757094896008825,2.8735316188872715,4.282783154996681,2.084348633953332,2.7163517626354214,130
61,0.748457,160,14.129315801449565,0.3046881081248423,1.3664652993639272,0.17617382462760328,0.12679199527440027,10.038083357988349,271.8481025610754,2.925624895692872,2.6108830668630327,3.3711578854488744,2.486420519479553,4.819644331208069,140
62,0.739979,183,11.524391898576955,0.2748664558813006,1.5906211242748265,0.16104219177572424,0.12274473963213643,6.3692976308073455,314.0837615499544,4.3711846668614385,1.9894930270114664,3.4394152136350047,4.3893167687320975,4.319025249784769,120
63,0.697686,316,12.019679275504487,0.31419110213744916,1.0566121094983925,0.20914392117496855,0.15072529683442776,10.484917964075393,289.64987006618856,4.262030076303828,2.0997127480863695,4.109131973859013,3.2576123910263863,3.2473507362850595,140
64,0.731282,471,22.162774748808076,0.28786408141925757,1.1377266158517112,0.1641326447288168,0.13142903983307996,9.341698320189288,222.9981451405515,3.2927124711928015,1.8696712229951895,3.0570728537237413,3.8800178153587273,3.421880597634679,130
65,0.756035,133,12.975397493790286,0.2795336833458831,1.3516030020314531,0.18105868332088942,0.1550573891195302,10.813322666420762,282.39939616572565,3.9795738007230437,2.3727524926673844,4.058547594996235,3.076470093509739,4.904053394171733,150
66,0.752832,351,13.30214078791369,0.2302833762533701,1.0052013600992251,0.1902992984947015,0.1526707857877973,9.992213577603923,334.150601375277,3.0968213405683467,1.9370091564430143,3.058648878811983,3.4702768691422916,4.2032575810277635,130
67,0.751285,146,26.376697746018614,0.2827693444430636,1.2691683822112925,0.1536086125279058,0.1511850577132851,9.581305264289359,268.7308926650208,4.9381612015231315,2.401069168082372,3.373603270256066,2.140126198984425,4.391296359096972,140
68,0.760267,154,7.57924900242178,0.2428327691851846,1.299306646232177,0.16241448765019834,0.17968774377296015,10.103917698555225,247.89295011650623,3.1477130370459667,1.7557427184130234,3.947575386696629,3.4562522577858044,3.978085051325394,140
69,0.746276,131,27.200584975365285,0.20014618302621062,1.1719408289604667,0.11503547078390756,0.13171047955696913,8.108265642585778,298.537622519118,4.277751947281093,2.6819474690283087,3.1931856399071337,3.227603642211263,4.411893646751691,140
70,0.768086,170,22.63030926227407,0.27074348022983324,1.2227197548946893,0.1637040377197501,0.15905081752036507,11.010098723424306,282.67169963674974,2.526856039969474,1.4530801255467316,3.59361333597727,3.28629723805076,4.029216788872823,120
71,0.736140,200,30.944643679446354,0.2735674868281113,1.1326391734459085,0.16355918783238854,0.17506723129367607,10.615024628615082,319.47927244695074,2.7964120441943185,2.3204300283169523,3.333511076625369,2.5997740043190003,3.4566111772258163,150
72,0.765039,143,13.485165143780911,0.22843933074110417,1.2652064002003078,0.15524391732960363,0.17756137470475464,10.420726560639572,278.7817666684355,1.9883561200542914,1.946570161172829,3.2538362073106253,3.310538904007182,4.701784838210263,150
73,0.746790,128,13.151780507704464,0.27201890645736565,1.2964092633524484,0.20216743190467396,0.15054569801765286,8.121767334063609,256.8435068425231,2.58433446828226,1.8328504757645625,3.9095985872151076,3.6102136270458716,5.383244658778399,150
74,0.715092,435,14.137076422595827,0.29846091343101383,1.3000571976058386,0.12939161657447068,0.1908273771613972,8.727989293653915,304.20816052205066,3.6240454993921354,1.9716150871602964,4.114905015383737,3.4724114594603046,2.8879945616373046,130
75,0.717804,154,12.514201218354867,0.16702155804615476,1.2181427532168758,0.15904882988055163,0.1761887676423904,10.25641427613499,246.39480000520803,4.1099285062114985,2.396851721056274,3.6705126355917557,3.8823961698622145,3.843738037855967,140
76,0.726386,150,12.94070658658377,0.31864830031604224,1.2570135295013443,0.14950873136519732,0.12447509374318856,9.417731555069118,220.0029681490741,4.043447489108976,1.8821966799496594,3.122333165139742,2.866008480624379,4.259674621792606,150
77,0.741406,106,8.140105369688822,0.27341714055276195,1.024850192944641,0.17991107741776907,0.14990842017937933,9.287023837504819,282.12729077404276,2.3076500244326352,1.201325716773911,3.358168562324595,3.959824796110677,5.271728378314405,130
78,0.760021,281,33.510852568405994,0.24992428148983026,1.3431300747959871,0.21169605336211544,0.17210909831748306,8.730685312969555,292.3769264783219,2.465466737984625,1.6646559974752635,3.4859567970406076,2.3080136920261562,3.722199517736553,130
79,0.755910,162,11.63447138390545,0.23382531142274754,1.171827972406652,0.166060896064731,0.20306221557119297,10.367131912267448,285.18217641374815,3.655216379255343,1.7785676549809937,3.819120967789092,3.438578969215687,3.8276085504146677,120
80,0.762076,156,21.274148273920645,0.26945290107622183,1.3018894459202384,0.19947072627754447,0.16476893488119884,13.206492131279846,251.5459496921619,2.3875679742590994,1.4141905697986596,4.482370633594108,3.326911516110782,4.625519300872277,150
81,0.754882,115,32.13317931341976,0.2620476670293776,1.353213621373731,0.2274505552719504,0.08892017351671688,10.349799489428667,293.5108014940913,2.617305560602318,2.0772665891552022,4.401721999034521,2.999672682723079,5.212226854025211,130
82,0.747044,154,12.162677081186315,0.27047760164589063,1.302989664913178,0.17544093527711602,0.09521334048946807,11.734198993524425,300.01736743905235,2.117856441009059,1.3750512497744114,4.170086102180999,3.482110986134941,4.91376281906739,130
83,0.746660,144,15.547618931703928,0.3009387652841863,1.2434977648787036,0.24344566452639482,0.17808846723325383,9.187284672055876,247.31063337092084,2.9415563494411323,1.501300634861865,3.4064161480361137,3.3707512113856297,4.833834595212727,140
84,0.741007,165,16.58434857839509,0.23444234104762623,1.1791404120638658,0.17786826095063463,0.1340139419859725,10.841492693837935,322.0510208718688,1.9588831062716558,1.4527735168312506,3.7128687024971065,2.5813550032948696,3.9023345138094245,150
85,0.750000,256,22.325216843884302,0.24903507339230196,1.4500203546292498,0.12179253280899967,0.2080646049693587,11.024680925981942,219.21101173554737,3.2369972084956595,1.7560611614195163,3.9995826203239675,2.780093036851562,3.579021197530334,150
86,0.764887,129,10.491226535969897,0.22910993392533158,1.2651919874898068,0.1304252952073039,0.2030837555684209,8.088556230634644,214.5833667938158,2.2379247075301456,1.4572111880253549,3.8897182603436535,2.6141106601179542,4.879410858704374,140
87,0.766034,172,13.580104578873735,0.24304122650085436,1.1663957518550605,0.16026320794738763,0.14743415200164772,11.185172692627578,261.20503556961137,2.9618902908843823,2.2519825578579766,3.9846731318054713,3.616617981598854,4.10070090391725,130
88,0.754107,112,9.486027586459128,0.25411766910225436,1.3119496792352285,0.23939440509850812,0.18622667059813147,11.069653060492818,236.94397624169488,1.9847940659699779,1.9145429378153322,4.392230005852918,2.5414223227943156,5.487677164100268,140
89,0.749231,135,21.847012631461542,0.26631116927929493,1.2664252686595676,0.21186600647514098,0.15812204043722367,10.637744187730268,298.24733741067155,2.9486995346564147,1.7154400434889439,3.8460564915028677,2.9163337639020526,4.726209048278138,140
90,0.748971,146,11.50036422529133,0.27255642276338493,1.2761894068952266,0.20547935708893322,0.13318611979716832,10.926688936706178,230.9272472375153,2.4010366820147517,2.0836042766666862,3.7260775391660372,2.800110072601708,4.343097862125054,140
91,0.756285,122,14.7346313575693,0.22030462455355565,1.0882797574639718,0.2446500739517714,0.17951654821155838,8.599453890031317,285.2839834868078,3.955446968202006,2.3151454480526583,3.059049404265304,2.6211301815552743,4.5832600735822595,150
92,0.706427,163,16.807394698629064,0.3378448659285013,1.2087135556763242,0.15556018864447757,0.1930200757110187,8.897489351339324,279.80348544592573,2.2025443917296643,1.8143312862942158,4.279061797780448,2.581534176647642,4.167302725217967,130
93,0.761954,148,14.155958946407974,0.2617355010588207,1.0063309483621057,0.09511065836250253,0.1614249480380649,11.96472145121993,244.26923440697323,1.7054478875312096,1.9363572894261216,3.358994915696501,3.0067653502939367,4.983185158546144,150
94,0.762468,118,21.59008500293765,0.25400514842227595,1.1193251705799576,0.2003572918593544,0.13883294901269344,9.475108506356474,271.8318268208959,3.3930569042780867,2.5932619211196206,4.104591934633761,2.624922594182121,4.861060828127544,130
95,0.740493,116,21.868344168854744,0.2891675076399783,1.2296462896404823,0.18216597826213404,0.19150713400386032,10.208725808608305,234.17605673423594,2.0187196643524348,2.2765865583101488,4.1785591101001724,3.099537047481631,5.094240282135759,140
96,0.749743,147,9.300477674340053,0.2208812828967041,1.1623135403690394,0.15875758054174866,0.23666090812931057,13.603245497893058,261.56583044056504,3.8335992579288236,2.0976711244613817,4.06148961563683,2.977399091068126,4.250769508546245,140
97,0.769112,123,11.050676044681074,0.23704669909338966,1.2947167294444935,0.23142693914869938,0.2092864778066051,9.825797581482373,260.0758985539493,2.297778472204631,1.8892392410975676,4.7030796815414435,3.437958629470415,4.8734264296643905,150
98,0.763104,179,19.21690142761743,0.2386044032756725,1.0668085126906925,0.15370734205540693,0.16984365201597182,9.187074517826456,254.34378075500229,3.084430027607599,1.8250530972752788,4.307626234659215,3.8577095872860165,3.7955657594882175,150
99,0.763253,129,11.612194805072676,0.2532389242855788,1.003883468006638,0.14337923461544755,0.2045424095535368,8.205721869047832,226.05592309276057,3.1760673021533115,2.1184679862009608,4.423618825045402,3.8764074384110048,5.063041926605578,140
100,0.747688,157,30.579998949904986,0.23134441809785372,1.1188690492061053,0.20948612566215785,0.2028572700500198,12.57873878209887,270.92645523225093,4.179385500256652,1.803082073141358,4.43115430900877,2.6112095826778017,4.367702533564396,140
101,0.756798,177,11.437077902450264,0.23791152561016693,1.0838786946227306,0.1988146766088681,0.21744064508455224,9.641089771131112,253.0747429761741,3.282467385370616,2.8583438626873243,4.039579638464234,3.0239759514481594,4.568859651918823,150
102,0.760267,222,11.010992267039036,0.25849865763086866,1.106137271510379,0.12260177159998066,0.20429532904656933,9.219251344303,248.46123826421078,3.1595954819902867,2.3627436885392616,4.108325577355664,2.9937263175581763,3.8914674152084103,140
103,0.758727,119,10.836260909875724,0.23168989431121573,1.2596307922466476,0.16128406134025577,0.1737400555274368,9.29732103573503,234.0608262362822,2.446585113629845,1.8720763788565642,3.998290752181333,2.8733143628936095,5.018405867276649,150
104,0.711202,221,12.030732432297505,0.2946953699634003,0.93512634564642,0.17514345644799167,0.18197036940275835,9.5297671973046,257.8753812772238,2.704551903605678,1.7646573944155843,4.567920624502462,4.0846473392179234,3.839132156745678,150
105,0.729979,149,7.809384826581617,0.3169370276896381,1.2518627845941,0.19013128146662006,0.14066611906598447,10.645640101195013,316.44183650136347,2.401330861496779,2.0772801867733715,3.661625668896301,3.75675117651931,4.988453605657856,140
106,0.757700,109,13.685970079177352,0.20831377496355763,1.2286965617999468,0.18038847962406618,0.21091244998347747,10.60313227877716,256.086396324707,2.8746729964256414,2.7617347409151387,3.6003530538009123,3.259257850006308,5.604844107281706,140
107,0.743959,151,12.174198466377728,0.29731812511711847,1.2424795126140762,0.14981247221163946,0.22777861080691825,11.80021987743269,242.0055060756372,3.1723507501688832,1.4350777846875822,4.751641275534248,2.8663474143603,4.653964556113609,140
108,0.751799,128,21.479320160874995,0.2810286296135485,0.982811230078402,0.17933528775435875,0.16763281210156375,10.366639113507716,257.502592378938,3.330791911352753,2.2997961963940527,4.568507606183554,4.245619369595255,5.353944942285778,130
109,0.734736,153,5.622606256565516,0.2145811388050809,1.2306465612987392,0.16938568512111862,0.18293250179484255,8.852663618489165,258.6424106078847,2.757064889457105,2.6671278043641333,4.599574357579302,3.6422422892061967,4.12398395900087,140
110,0.747817,143,10.117147530935583,0.21682756213330417,1.1404171037374329,0.16234352463432,0.19143954352004738,8.438900698197147,286.78553765852735,3.38507443262603,2.4281211970762038,4.330876940394274,3.7723320619255563,4.669350285588758,150
111,0.749486,134,18.349866250839877,0.2899355265322956,0.9837721155304195,0.1971976861208325,0.1963000866867698,9.771348518171108,262.55031142344455,2.5601782270236817,1.5240456189170297,3.653067556032447,3.993385397807585,5.0264283288736715,150
112,0.749872,150,20.464233865663594,0.2568853429929873,1.2037170404004853,0.17707327684175805,0.18639583745735883,9.132121235546844,224.13769295066757,2.8928908951072314,1.4816415366152584,4.609459048891134,2.6901501359377633,5.090433982379493,150
113,0.759507,119,15.323057104003412,0.24539529202228932,1.1465549395517822,0.18616522917192613,0.19121274074411237,9.963612538831455,260.5700010441322,3.1090372535364232,2.4253919612920645,4.964327984710348,4.062806183185673,5.032899637927573,150
114,0.759877,143,6.525562665885549,0.2650732634902601,1.393293575550306,0.2163377862651007,0.20248339498560908,8.280468581051238,270.13374517766727,2.5881708070344605,1.869834220458734,4.039632904320735,2.5222683896656695,4.267833843488858,150
115,0.735626,148,8.583812523995821,0.29995269334242325,1.3290891635555795,0.19490708441689691,0.14585729280140014,10.334166103309993,270.41955708138414,3.5397113428796505,2.128569264503567,3.9114715008340624,4.055337300059554,4.764744878737663,140
116,0.745380,162,12.47015789400419,0.261555495485729,1.242231883410405,0.1699339382416873,0.22622848790310085,9.918064465404683,256.18709446861186,2.830058765527876,2.2663640480550242,4.794514695453324,3.5451562653655104,4.458299442870487,140
117,0.740627,146,20.183756934530443,0.24555178933986127,1.1901432794654947,0.20947732654421236,0.22592107079639046,9.034787280701225,263.1054473485199,2.6820588425241527,2.264934031123314,4.45349595071726,3.1240568507695485,4.954091081110862,140
118,0.758603,133,11.802063971838615,0.2582937847177455,1.3089237489616603,0.23588501815380508,0.21766729597215412,8.806328160797003,271.7877606931669,3.8363929645109804,2.494524412773472,4.407397384911783,2.799272887627713,5.304997576362894,150
119,0.716710,201,12.008429817914585,0.3097380448195981,1.0914858870354773,0.1978154128030024,0.2156889612334037,9.456011613850782,259.28706048432855,3.406940970415756,2.087806640982305,4.394659436171397,3.930752080605672,3.965869117618802,140
120,0.746530,140,15.751924341175286,0.29446136489468183,1.246641643758176,0.22994761478791403,0.21408157477887557,8.85096296276146,257.7263088913095,3.0305775355076143,1.9119322292625234,4.086344565841825,3.4966768545282356,5.270827728276217,150
121,0.760021,118,9.451937698748115,0.24838784371250194,1.1719046122540917,0.2195870906134308,0.14662925958724207,9.709415240504356,269.0629124674764,2.572853244363618,2.1704864816422105,3.9335467635820245,3.200019490338632,4.893596899142795,150
122,0.771047,123,11.909651466680028,0.2753714845651536,1.2505628316633932,0.1397445962807281,0.15208682215176106,9.39341154537179,256.3802923782503,2.193887773514975,2.7093932001719985,4.822437885701887,2.932182603446679,5.258758829111402,130
123,0.747942,152,9.713280344888853,0.2286528699670859,1.0755293796409624,0.1404446186363565,0.1883332006691837,7.45479195806016,262.6739345164844,2.6575107815803523,2.469015229400635,4.119838645734845,2.7158549026778322,4.997889963111968,150
124,0.737166,129,17.327480147061163,0.30683975466303326,1.1405073449505843,0.23075561117117466,0.21037678675525018,9.580455905524866,247.554076941324,3.126476863571031,3.052608003980627,4.723553316406998,3.462859764160972,5.510510857588543,140
125,0.761171,121,13.720573731765228,0.2923800456498474,1.2852392269604471,0.1883433002979769,0.1829612485992383,9.530644993764977,261.42653401327914,3.44845385648498,1.9562789123397974,4.66157945808072,3.567032827411402,5.139133544388828,150
126,0.720082,104,10.26639271330289,0.2541870031079933,1.1768969236821492,0.1728379006340437,0.19608433320298158,8.42740894703709,269.5665181253055,2.835193243602485,2.472656571398443,3.9769922855103665,3.3842261331694146,6.144739056410643,140
127,0.725218,143,14.808373942642902,0.28267865859399427,1.0499622566676625,0.16953890040843955,0.13425662435825786,8.27070879897296,247.13460741201254,1.6524971443794814,1.3775844726980035,4.616701113578209,2.360390426126749,5.085536590532291,130
128,0.742666,133,13.592407392182155,0.26754683831677706,1.1261217177139426,0.1817957479951713,0.19349241883763013,9.815985339297812,276.1527046271383,2.142130392261625,2.282119067899843,4.969322892422076,3.194815318555894,5.454184879920076,140
129,0.729605,102,9.675380606908835,0.26094286319871673,1.0893796471237098,0.17537160318895723,0.23401238090210874,10.774851718376942,275.5853401795142,3.390653904626743,2.1904136769777143,4.692808435157543,3.1972788065396673,5.652345444572651,150
130,0.756035,162,5.149301190072198,0.22909233624369896,1.2226000328227058,0.20469930024103733,0.1468810488232294,8.420143721437029,272.3229239637706,2.657316820871958,3.0529783187384716,3.9417714628916256,2.876124476665848,4.313226494597176,150
131,0.736653,116,33.84957197715955,0.2207545843283602,1.3349560500320745,0.20339223040839988,0.16986172338494426,10.451184419310678,250.41796781799468,2.8199198343163983,2.029799689285415,4.122386558372314,2.7880469256037705,5.239160509744421,130
132,0.733676,113,11.053878832112582,0.2979403506391248,1.3365784800917764,0.17709150603174378,0.16228186710905856,6.8926513285504125,243.70129560341076,3.817519726609251,2.3574337828934198,4.486861356692183,3.8019163850399282,5.53934147665014,140
133,0.753601,115,7.846073100830322,0.26642444483452504,1.3236308192368107,0.1963876021641135,0.17952494982361278,7.012134627544108,236.30640571812674,3.743882712045806,2.530123272951894,4.730424089220328,3.5052120821167807,5.279975370852615,130
134,0.754115,130,3.9860923960403176,0.2576616335150556,1.2465735557414401,0.18105920219568195,0.25492971908806855,11.228235210519745,264.2055927972626,3.248328531434997,2.504617099383781,3.5523672631183913,3.239045926275576,4.65741975122531,130
135,0.738706,103,11.27438955514716,0.2343188290331063,1.2355130757456654,0.17090610018594588,0.17995642884302532,9.034229748297527,277.25646831482345,3.123076773074141,2.1288356802793578,3.9969057478236,3.010338204554016,5.8449073656721175,150
136,0.737166,155,11.578552336565453,0.2937862143495689,1.1686243726183634,0.19796063821364612,0.17217624138256787,7.4630858619585405,264.27081663776795,3.575061518079642,2.3312143214908025,4.173848932686701,2.684770796108939,4.64005046370063,140
137,0.723907,114,3.8041454642184,0.22888572927223994,1.3306294411079058,0.2286268454248414,0.2224064170736622,9.81986911899174,293.1475382513948,3.146052570414319,2.920560381827971,4.260539068707317,3.20985610097115,5.957818323832424,140
138,0.724474,97,6.777255079630688,0.2794469913663848,1.3112669864972388,0.19406496091377162,0.2166021106375906,7.6967318701447685,257.10982853886236,1.5340429413644598,1.970444459541635,4.438436443245022,2.0800196193125577,6.098519033844542,140
139,0.743326,188,3.97000196732611,0.2572757075427771,1.182542245130267,0.2377081200331816,0.16413041913277143,7.227204813436981,242.6985077191256,2.4474592885801405,3.307058939399426,4.248250916227112,3.0982508509703055,4.3606023320235625,140
140,0.735249,127,7.206755007028656,0.2702559512140524,1.1519774855214295,0.20922963634534303,0.20757110783359445,8.232382224947205,283.1627408790146,2.200512444137021,2.825891385604922,3.5373877000124274,2.9547219375351883,5.400805694110642,140
141,0.728395,139,4.1210926678389015,0.3128820347966201,1.236696376109054,0.15137190766694802,0.20725821317754528,9.22894552885553,250.22954154629258,2.7493288296980345,2.5387519203853897,4.274023306637891,3.776971428590369,5.136036059430768,140
142,0.754882,197,5.764714093717658,0.25219661355834777,1.2834835703601604,0.25808945505094094,0.15202339338893262,8.88111358150528,259.1454218902671,3.3181983247243405,2.6846730158045515,3.522621388340177,3.4999312449130486,4.108512997834044,140
143,0.733676,112,6.630292518228069,0.28229517264558923,1.31115534305001,0.20680064643023843,0.18780082651045427,7.733251373251911,246.94106165170442,2.7860987143335425,2.7933994318047572,4.481965552435893,3.0859932378866737,5.3791556612409765,150
144,0.722422,107,4.3508061035792505,0.3001916204795174,1.301791821858012,0.20052871789491172,0.19406296145816754,9.202236934500155,280.13537651871,3.4635875977656743,3.2277055874892957,3.7211708345557284,3.7341427976633903,5.699065674676336,150
145,0.752826,137,9.619465806041685,0.25154079598382584,1.212954097377084,0.17666532612590036,0.19463739811122338,11.638830585191132,283.3530746013163,2.4154241603271336,2.540753706515612,4.171147315615144,3.851116940410787,5.199135215877567,140
146,0.768638,118,4.270934324508206,0.22346096316465608,1.1379141915436084,0.22817192269100217,0.18875834720527623,8.219652915392627,286.7156265445908,2.75718573530589,3.1918816032286332,3.5688642278833678,3.5270961634731863,5.060825855561532,140
147,0.751671,129,4.083110687828635,0.24346189176749122,1.1280273690720959,0.17541562388399667,0.1856899993750784,8.922837612371836,265.5754870798082,3.4616260441895736,2.9646173356151717,3.1767095981922315,2.9239305192742835,5.071103798059486,130
148,0.770534,146,5.614786324145612,0.27209186971137783,1.086695327520103,0.2648691130837165,0.19514587955208046,10.45141078251916,233.6597658849911,3.3483796777088366,2.557567241976862,3.692459598456239,3.504866448420814,4.6896365170821515,140
149,0.734190,156,2.0236842686199363,0.19004935369906173,1.060194663621742,0.2606770117262439,0.1931738975112251,9.132797072533265,273.94979331563786,3.369437991892313,3.452966873655474,3.849712178204974,4.367033127205022,4.889473658386027,150
150,0.748586,222,6.352256150163405,0.2959550935817352,1.0679249753019138,0.24696084326120338,0.17692698931615336,8.720494727905237,270.57577442624034,2.8689721734161338,3.1464684745811873,2.716344075227836,3.9218986057362675,4.374878118725733,130
151,0.757700,166,4.086397592100128,0.21685688104041978,1.3578737682385968,0.2167641581865979,0.2219859372908265,8.064981521268098,263.3195767753251,3.131475247244328,2.8580536193918213,2.4993435270293918,3.1496492444083475,4.056885158568165,140
152,0.740893,136,7.354050774454499,0.24842376235132985,1.2106243702502217,0.21326036586696545,0.14730404361214444,10.808729399849522,271.0704671923532,2.839452974413142,2.5573126236437624,3.6521409882981812,4.338649707538334,5.521033716895204,150
153,0.752440,108,2.8635132231301488,0.2582360442084055,0.9976808170580354,0.21816429199079274,0.15848545508362313,8.219744980373871,268.7061995856528,3.3648808304849167,3.3173517901694556,3.295809555799732,3.668512275476658,5.233900933147197,150
154,0.746914,170,5.2921356143149945,0.22669075001224692,1.3404838254285405,0.19088199017916135,0.18167777391214235,9.347800327365158,271.07767307614773,3.941093397691089,3.262762724251488,3.6943564095329857,3.4457675014096014,4.430206343405926,140
155,0.750641,164,6.064618190634427,0.2933748948143134,1.1285596222819003,0.20392336472977213,0.16207562551739652,10.047737907057712,264.26477540987656,2.0160482653131373,3.231791714009039,4.295722587247402,3.697799145907367,4.435579461852913,150
156,0.760411,177,5.921280586952144,0.23992869911495024,1.1740586751813424,0.21845796916578103,0.1835195962182533,8.630914565167142,281.1047347814342,3.061630148726165,3.255076370770992,4.295085404051866,3.692926360972932,4.150788964673137,150
157,0.748460,141,5.833996843066592,0.24317981677738254,1.3471564258387452,0.20744296881758006,0.16169337744885465,10.063306811755844,304.89868538284065,1.9453133466463808,3.1417918886829788,3.0331065283342475,3.6977678818670676,4.691699639617662,140
158,0.746024,138,3.8577828998600094,0.2049407105090295,1.2884425595568025,0.19080781835610527,0.17590198545607272,12.029004214760239,254.0509178182078,2.4458169387608617,3.0239199783270245,3.8758094512174464,2.3157963261873262,5.11356004456138,130
159,0.760267,132,5.202693415733275,0.24110270571617792,1.0662094817709984,0.23069832026478532,0.17543789311279817,8.535613544935053,221.08700355245628,2.9844790033988104,3.3064941613177306,3.911418024572347,3.9993568321306223,4.791024584393577,150
160,0.749229,114,7.462107183380738,0.22745643764206036,0.9099983128716416,0.20111685396248125,0.21382339514387094,8.83463974186973,242.95748170696464,2.3686779796093878,2.9781108119395547,3.3233975535599876,3.795616062654426,5.350008908778712,140
161,0.748201,196,7.067409921520907,0.19530780241515977,1.2485922942169898,0.21695699163153503,0.19030109549245527,9.14137221006462,249.4918125700218,3.2446611791879936,3.103482046290684,3.938499383643281,3.3713420153029143,4.605966022607846,130
162,0.747044,131,7.84883784934408,0.2502399951722635,1.1716824676997002,0.17844509606789788,0.20133903953723453,8.139924000732613,247.03979637553914,3.892288982583254,3.4627686786965595,3.2742505373940376,3.518808175195924,5.524162670867591,140
163,0.751410,171,6.7462872045025595,0.2507020753080686,1.1463720494723495,0.24844441271663614,0.13518673464658276,8.320600005929432,280.0578745839857,4.00254871640303,3.5535902303632025,3.7663354833786946,3.1377933706174588,4.02644471956418,140
164,0.730730,161,4.951276481862762,0.3085249828874614,1.1197466792910038,0.23709559562544058,0.1889540942791642,9.189213782348975,220.78789484116535,4.80419577863746,3.639242071078799,3.7292211333443555,3.083620540568869,4.233495358669208,150
165,0.742681,213,6.747342413178942,0.2812600594513229,1.2565443338651368,0.2846712723788323,0.19280996553898072,10.478201858330166,234.6144360694147,3.145863494105664,2.9226203981019445,3.3846555735634185,3.293635721858995,4.054160749106565,150
166,0.740760,162,4.0137502706064305,0.2917133934415044,0.9955979298454685,0.20226837594476926,0.19748440152645674,10.672910040360335,235.3152636238647,2.1628828339035997,3.0712548580667316,3.3195502489070408,3.33640435000316,4.098212891935523,150
167,0.784173,151,6.681133820253906,0.2535723953516123,1.3043171985545639,0.2758112027903235,0.1958611927512517,8.720353894823917,279.36159731282885,3.276716866412356,3.105773306665678,3.7497392706006782,3.671397788443077,4.550370424971302,140
168,0.747688,138,3.187540761247977,0.2614430993529005,1.0837170877328586,0.220957590567388,0.16701623145156036,7.992919541851629,215.20659687658144,3.19202185915255,3.307964455870731,3.395017784529528,3.575352244928938,5.101897902338802,150
169,0.749229,165,6.5156685895314235,0.28978012990657354,1.1046072486725051,0.2587283880661626,0.20717007880541494,9.30798074729011,263.1584162651941,3.431213134229478,2.9948271549278935,3.50112344048104,3.5720737248106436,4.32432014161717,140
170,0.746276,135,4.239411939398621,0.28348738768669285,1.0485017479387468,0.26904287451982867,0.15719576240662408,9.430108636625217,281.25277369200444,2.4716148805483513,3.1549183772906146,4.834775216056957,3.827665735595396,4.691958139263078,150
171,0.766307,149,5.205758571588804,0.2633829980879858,1.1571113898117444,0.27869477414789656,0.20747356777203724,8.279081568925811,263.46155914004123,3.407965255874872,3.270636247167637,4.235958431847175,3.9865903951509423,4.450252758585458,130
172,0.747688,176,8.556988563863781,0.2659783904426283,1.2496512752292115,0.24318830953097997,0.1670006042346308,9.444146987417138,260.87437812642065,2.790875594796002,3.2037480506776537,4.211434426386161,4.223245150964003,4.174458537567735,150
173,0.765280,117,7.563073689632016,0.2466410736026468,1.1557841370471784,0.2509257272776035,0.21142334644417,9.064894587277287,251.78446544240796,3.3560467993724794,2.6372173049975105,4.507555993403614,4.248695640357002,4.990793744271673,130
174,0.752445,163,5.433393754052587,0.26904905633160814,1.2870793157656388,0.24674266264153738,0.12483424642653826,9.363158755686044,316.76877710141866,3.1507946382196663,2.9134914477277247,3.513477861921812,3.9738790076173927,4.467051583538694,150
175,0.749486,120,6.4376093377540835,0.22854531670545142,1.1393943407297695,0.2934550656057607,0.23182813541644065,10.176614676051935,259.84127276045916,3.3698561757080023,2.9894494564781313,4.0239022781755835,3.7500069149587203,5.436854077637664,140
176,0.755772,141,4.83149243773547,0.23189200254443182,1.207286524857456,0.256838752274901,0.20903801279027168,7.602630723859267,256.47544446526473,3.9735944488279467,3.1650105264762014,4.104838037464949,4.116090241653245,4.7542185360698594,150
177,0.755910,159,8.225316323088517,0.2611572091171958,0.9848263352085413,0.24785381663194417,0.17632884587040737,9.729822975210785,290.86995094015566,4.03090274865516,3.070298919740803,3.5111082896842922,3.6265913477898173,4.34925398199524,140
178,0.748331,138,5.209243503453112,0.22118763451666823,1.215793103598497,0.2568061345469995,0.1749501046210124,6.504203394836118,286.89296258023967,3.418437786480302,3.3571918808683923,3.3283735684448383,3.0260310340161958,4.398858637333928,150
179,0.748586,166,9.34237522792702,0.2733482179674366,1.3277637692473732,0.2725026973245874,0.1453628969502011,7.198766341031401,245.70949472519607,2.892250778822777,3.3425563789620267,3.5492085882055546,3.5942189912939333,4.521206075041066,140
180,0.759507,130,4.512299032305835,0.2334760406706619,1.360895122037796,0.24635823979792387,0.15851320453282625,9.909384458277092,280.96610012747595,3.6316261835891233,3.175184869423528,3.608418999025243,3.9020816142771153,4.761072990964729,130
181,0.760390,153,4.135083302082803,0.25078294418071845,1.2838022975031316,0.2728740140152446,0.17678794013880422,7.969476024604475,203.13955405611296,3.4806893191681083,3.0134461856494097,3.9026386589017594,4.370996097833212,4.798047028852507,130
182,0.738706,298,5.887772786825679,0.2835558971876342,1.2463932141164935,0.29812629466376694,0.21153967285465425,11.470344542154017,295.7533408903173,3.8455053414692912,3.3054188161014078,3.7674414958627733,3.815242854667099,3.4104620313580774,130
183,0.756311,123,5.370106467509366,0.26832232703819,1.2242066241932446,0.2488085133470343,0.20090558454992663,9.369411507837636,257.70480831720675,4.11496795864409,2.805597262814397,3.8818254386380304,4.0432943950274325,5.022834814956177,120
184,0.730631,128,3.6066020593919834,0.2045629478919071,1.1491785265035106,0.2898217334706131,0.14818031338357723,10.29691976572781,278.8240883196411,2.4737781434544073,3.35911671856797,4.397581611959027,3.879703241734865,5.316161661204793,120
185,0.746146,158,3.428280509331904,0.24611514088955255,1.1976835423488104,0.2849434419388187,0.20272440048221468,8.46490657749563,274.2304066681913,3.9099025444456657,3.6245021063296106,3.571288086992181,3.7872472256421137,4.449930362664496,130
186,0.776579,133,8.661773935386472,0.23763175582208546,0.9876424769145509,0.24183203941189224,0.20479307062687258,8.79963447175934,287.3534482323555,3.374040099978919,2.829866378869636,4.66912380280823,4.058792300545884,4.905800662075769,130
187,0.763225,222,11.125714607424907,0.25460344344371594,1.0545340447790283,0.25410731983982376,0.19187449680395635,7.689108591177555,254.73517366541574,4.070953790267577,3.1935118718890023,4.152430814277491,4.102904562412214,4.207179032896514,130
188,0.762564,124,14.435743815491275,0.24745646321668802,1.1139082034856433,0.21339236178205934,0.2503368700962243,9.140174062556518,263.9630257413646,3.9231016290242127,2.8199106252627604,3.8997801883836405,3.8501733578717428,5.395601968571846,130
189,0.755647,306,4.996445226503369,0.23931443294156274,1.2432385044942533,0.2984813135907695,0.19751855764088844,8.439936267598087,304.54373406517465,3.5852611128960272,3.154238670445565,4.066304995495791,3.7884761697788307,3.2727788041279178,130
190,0.755018,177,3.1550778370346317,0.2439471570309908,0.9985555099949608,0.24117853100308245,0.18076526858470848,5.575367429619224,278.537707244173,3.1722325481020186,3.38718889938816,4.701425916414295,4.119396659982545,4.087359878632837,130
191,0.759240,136,9.074866756511923,0.2315083491532543,1.0146133515442641,0.280105195729536,0.1588358981750035,8.353889048774294,259.11706324368237,3.1447094004635177,3.2120783976890044,4.17964087077511,3.870783322932093,5.210061379003271,130
192,0.752826,133,7.674601002596775,0.21149338895622982,1.0003793405265666,0.2788012657985777,0.2312417125426609,7.89972559878866,232.91077449819852,3.753460825580192,3.17594430413819,4.142287536913273,3.7656769214346113,4.942087071385151,130
193,0.767729,172,13.094755217334034,0.250838117770071,1.0772516397900533,0.2429530823525653,0.19956655704001836,8.782366250978445,297.80186442584505,3.3044068121294474,2.5898053494874347,4.150656954513784,4.117543794219575,4.5155660944690865,130
194,0.759877,125,12.415926398487967,0.23970486765696952,1.1592496152323446,0.275013663712743,0.21659620613035402,5.822407459967254,239.29671622391962,3.75132613577968,2.6428494837951186,4.317810080426663,4.248124715937081,4.588902983362443,120
195,0.749358,163,13.510703531621045,0.2543110357383484,1.2281200677037722,0.23303577954416183,0.19121375084346065,9.110365370367816,287.216107947301,4.355900033758893,3.0867438407379657,4.345420048982146,4.211039651932822,4.349269387548755,130
196,0.764132,159,19.911121926542435,0.2621753008219059,1.1306798344373181,0.2188986642805838,0.27553419947259983,8.574685541870977,235.28986994685334,2.970212935794279,2.485449897649488,3.790990350283658,4.136686426284027,4.567197666030097,120
197,0.760144,170,9.039330321050215,0.2608495459401585,0.9730010437724717,0.26563922172205673,0.21833017405653743,8.481598252434427,275.13240204999306,3.8749909601144443,2.6416229861009444,3.5172908168007386,3.644733969068388,4.242057530034097,120
198,0.753467,175,11.581334745630127,0.22934495883583694,1.1050581912256783,0.27130198803117717,0.1571524080096414,8.421808786010285,265.0619297969764,3.043248288460384,3.487344828969314,4.107048857724333,4.054946589240549,4.178015988601713,140
199,0.756160,130,6.73609195654791,0.23776198851925884,1.1340380284240876,0.24105687256236696,0.1829948365439084,8.556382892723189,251.44110888064603,2.811725744992325,2.952007062016369,4.610775318089662,3.791886796705018,4.5075586879324065,140
200,0.763889,145,7.0460376481456946,0.25988796445979523,1.005535497622966,0.23228914089882435,0.2247814381439323,8.199350615290385,253.60217092269943,3.7007700204992062,2.7223714294023984,4.448470603345072,3.5063209624214826,4.695251889908374,140
