trial,accuracy,state,duration_seconds,cost_impossible,cost_minor,cost_no_match,gap_general_severe,gap_minor_general,ged_timeout,norm_angle,norm_cycle,norm_hdir,norm_vdir,norm_x,norm_y,simplification_epsilon,skel_threshold,use_angle_with_ox,use_cycle_count,use_horizontal_direction,use_normalized_x,use_normalized_y,use_vertical_direction
0,0.6026,COMPLETE,624.2,2.285326,0.38275,0.987222,0.199665,0.232998,5.680648,111.930199,3.739588,1.286545,2.14655,0.990942,0.998682,2.517222,200,1,0,1,0,1,1
1,0.4542,COMPLETE,86.0,64.078663,0.098823,1.347284,0.14159,0.123036,9.216608,164.053373,5.631748,1.287994,0.480921,4.831597,4.061147,9.514413,100,0,1,1,0,1,0
2,0.5195,COMPLETE,105.5,33.456742,0.223312,1.110536,0.27733,0.058597,1.91837,123.865616,0.839205,0.445121,0.864333,3.02971,4.617184,9.00086,220,1,1,1,0,1,0
3,0.4897,COMPLETE,83.9,17.732092,0.144972,1.137121,0.139188,0.257184,5.891292,50.554171,3.188493,3.107954,0.388774,3.563601,3.672135,8.246884,100,0,1,0,0,1,1
4,0.6739,COMPLETE,132.3,5.600884,0.268154,1.173179,0.06589,0.132725,12.960241,47.761999,0.690643,2.138658,1.76741,3.877739,2.519598,5.832133,190,1,0,1,1,1,0
5,0.2858,COMPLETE,80.4,3.746527,0.272744,1.88908,0.177143,0.128589,0.568295,198.769785,7.194192,3.234321,0.827623,3.203678,4.370157,8.177144,220,0,0,0,0,1,0
6,0.6641,COMPLETE,288.0,9.611426,0.363632,1.073522,0.077513,0.129501,12.130858,350.123729,3.227222,2.123283,2.841774,4.720258,1.683694,3.707344,110,0,0,0,1,1,1
7,0.7207,COMPLETE,116.7,1.215844,0.138124,1.141809,0.12522,0.174312,14.440465,264.875722,2.282282,2.721329,3.070316,4.929687,1.286071,5.149801,110,0,1,0,1,1,0
8,0.4594,COMPLETE,672.1,83.571096,0.271307,0.908348,0.183944,0.208382,5.579969,58.13233,7.525475,2.794657,1.608268,3.261347,0.954396,2.65171,160,0,1,0,0,0,1
9,0.4348,COMPLETE,85.0,33.009815,0.089716,1.10953,0.269335,0.281173,5.181889,282.956441,7.153148,2.931227,3.59873,1.761246,1.811127,6.514464,210,1,0,1,1,1,0
10,0.539,COMPLETE,1614.4,1.049936,0.079449,1.527715,0.274639,0.090407,9.666272,307.228194,5.372247,1.369059,3.011316,3.589678,1.262521,2.630558,180,1,1,0,0,1,0
11,0.7185,COMPLETE,1483.3,3.642734,0.248908,1.118243,0.141929,0.073419,9.898432,71.988738,5.341042,1.195012,0.194832,1.056691,3.640015,5.178918,170,1,1,1,1,0,1
12,0.5678,COMPLETE,435.4,136.80087,0.383875,0.818548,0.14254,0.278716,14.112833,44.011773,4.775459,3.751004,2.814516,0.930514,2.828326,3.510759,210,0,0,1,0,1,1
13,0.5272,COMPLETE,133.5,50.644328,0.396519,1.852848,0.179582,0.085021,9.263608,288.527434,5.764752,3.213351,2.634859,2.605578,2.55743,9.175785,210,1,1,0,1,1,0
14,,RUNNING,,1.209774,0.168298,1.493936,0.073495,0.143896,13.36108,39.871613,5.171679,3.102975,0.941702,0.722597,2.658992,3.921811,200,0,0,0,0,1,1
15,0.5937,COMPLETE,539.6,2.285326,0.38275,0.987222,0.199665,0.232998,5.680648,111.930199,3.739588,1.286545,2.14655,0.990942,0.998682,2.517222,200,1,0,1,0,1,1
16,0.4589,COMPLETE,74.4,64.078663,0.098823,1.347284,0.14159,0.123036,9.216608,164.053373,5.631748,1.287994,0.480921,4.831597,4.061147,9.514413,100,0,1,1,0,1,0
17,0.5038,COMPLETE,81.7,33.456742,0.223312,1.110536,0.27733,0.058597,1.91837,123.865616,0.839205,0.445121,0.864333,3.02971,4.617184,9.00086,220,1,1,1,0,1,0
18,0.4864,COMPLETE,70.8,17.732092,0.144972,1.137121,0.139188,0.257184,5.891292,50.554171,3.188493,3.107954,0.388774,3.563601,3.672135,8.246884,100,0,1,0,0,1,1
19,0.6492,COMPLETE,109.2,5.600884,0.268154,1.173179,0.06589,0.132725,12.960241,47.761999,0.690643,2.138658,1.76741,3.877739,2.519598,5.832133,190,1,0,1,1,1,0
20,0.2675,COMPLETE,82.0,3.746527,0.272744,1.88908,0.177143,0.128589,0.568295,198.769785,7.194192,3.234321,0.827623,3.203678,4.370157,8.177144,220,0,0,0,0,1,0
21,0.6254,COMPLETE,555.7,1.193452,0.272867,1.102118,0.204272,0.228364,8.620627,298.573557,4.290284,1.460701,1.979354,2.279947,3.685909,6.643909,140,1,0,0,1,1,0
22,0.5458,COMPLETE,156.4,10.460893,0.153839,1.386312,0.160927,0.210989,5.001289,213.54416,5.781896,1.785312,1.73257,3.066208,2.726934,4.947756,160,1,0,0,1,0,1
23,0.3015,COMPLETE,222.3,19.500035,0.261185,1.571192,0.158942,0.098378,7.405013,228.995971,4.353093,2.475362,2.845601,2.756657,3.341533,5.601323,160,0,0,1,0,0,1
24,0.5218,COMPLETE,256.7,18.286836,0.26624,1.334365,0.208416,0.128965,8.470915,145.498099,5.657606,2.211487,1.952341,4.106003,1.312344,4.215808,160,0,1,1,0,0,0
25,0.6578,COMPLETE,151.0,16.876573,0.161401,1.617516,0.175644,0.195793,5.626297,226.308517,2.531421,1.628943,1.828226,3.362161,2.674217,4.885706,150,0,1,0,1,0,0
26,0.431,COMPLETE,124.4,5.152905,0.117108,1.082584,0.171723,0.162501,7.789667,224.031676,3.232262,3.066382,3.17058,1.689271,2.923923,4.341409,200,1,0,0,1,1,1
27,0.4196,COMPLETE,289.6,23.078057,0.301728,1.200399,0.178024,0.109621,9.611828,158.209712,2.560029,1.576917,2.149958,4.26973,1.80498,4.974241,150,1,0,1,0,0,0
28,0.3932,COMPLETE,204.4,75.286822,0.164209,1.154293,0.15846,0.191192,8.283584,139.833729,2.98756,2.204926,2.315436,1.745818,1.382671,4.116595,170,0,0,0,0,0,0
29,0.2995,COMPLETE,305.0,6.426653,0.216495,1.275061,0.191092,0.147803,9.885941,194.382931,1.916308,2.486751,2.32686,2.701146,2.323416,4.695865,200,0,0,1,0,0,0
30,0.7029,COMPLETE,196.8,39.84116,0.270668,1.635356,0.206838,0.136826,8.057632,139.779607,5.232554,1.023154,2.076079,2.777111,3.319587,4.361732,150,1,1,1,1,0,0
31,0.6326,COMPLETE,148.9,10.061628,0.232834,1.446066,0.16975,0.146547,7.974115,197.910888,4.627404,2.858373,2.318142,0.821075,3.1007,5.744936,180,1,0,1,1,1,1
32,0.5341,COMPLETE,283.8,11.115118,0.241769,1.643433,0.205744,0.238389,6.269049,98.728688,2.528671,0.499946,2.85546,1.939791,3.074748,4.412589,180,1,1,0,0,0,1
33,0.3821,COMPLETE,242.7,4.707321,0.269692,1.830268,0.204435,0.167559,6.717596,252.675407,2.046306,1.872731,2.001855,1.011634,2.551695,4.484994,170,0,0,0,1,0,0
34,0.5524,COMPLETE,167.6,32.12778,0.163003,1.441113,0.168588,0.173698,9.718079,307.89457,5.109371,2.90977,1.586171,3.705117,3.360801,5.483764,190,1,1,0,0,0,0
35,0.5772,COMPLETE,148.3,3.226965,0.286162,1.611046,0.131103,0.119844,1.701408,207.512524,3.331325,1.750805,2.268797,2.31826,3.941926,5.818433,130,1,1,1,0,0,0
36,0.6848,COMPLETE,792.9,34.789264,0.226214,1.728057,0.160193,0.196522,7.117176,204.746745,4.584601,0.757673,2.849435,2.962229,4.377842,1.942447,140,1,1,1,1,0,1
37,0.6422,COMPLETE,199.4,40.82817,0.246257,1.515843,0.203685,0.190148,8.80328,209.019687,5.598732,1.251155,2.027392,2.847783,3.33314,4.999514,150,1,0,1,1,0,1
38,0.5362,COMPLETE,223.8,7.74226,0.246239,1.768054,0.207207,0.188203,6.031124,203.740388,2.706127,2.467502,1.296406,3.161697,3.16854,4.478555,140,0,1,0,0,0,1
39,0.5968,COMPLETE,454.3,82.58725,0.223164,1.562749,0.190739,0.152761,10.068071,92.80154,2.953794,1.44014,1.579688,1.495346,1.649732,3.655859,140,0,1,0,1,0,0
40,0.6826,COMPLETE,165.7,10.758999,0.295364,1.378504,0.08893,0.115846,10.245884,179.523254,4.154884,1.94915,2.764408,2.773535,3.401647,4.749497,170,0,0,1,1,1,0
41,0.6952,COMPLETE,279.3,55.832783,0.238736,1.922335,0.223992,0.165246,5.736916,283.189642,2.041929,1.976647,1.606887,1.625332,1.4526,4.393579,150,1,1,0,1,0,1
42,0.6496,COMPLETE,98.2,29.822746,0.219977,1.386354,0.219602,0.206364,10.568288,150.922942,2.296561,1.539591,1.083329,2.364053,3.248656,7.030468,140,0,1,0,1,1,0
43,0.6831,COMPLETE,108.1,6.330216,0.191696,1.647116,0.114755,0.207768,5.938998,301.60904,4.317197,1.617112,3.738124,1.721126,3.41336,5.485278,160,1,1,1,1,1,1
44,0.6853,COMPLETE,293.8,7.019113,0.277277,1.435019,0.214939,0.116949,9.181067,227.795824,4.42476,1.766911,2.259415,3.387734,3.633822,4.433552,150,0,1,1,1,0,1
45,0.6472,COMPLETE,143.9,22.123875,0.337927,1.585022,0.149996,0.200363,9.317825,212.719688,4.27054,2.420085,2.071815,2.196223,1.773195,5.975817,170,1,1,0,1,0,1
46,0.7025,COMPLETE,361.6,48.721349,0.304929,1.723114,0.149836,0.11567,9.232155,278.966086,3.395437,2.075163,2.939931,1.955042,3.076758,3.995046,160,1,1,1,1,0,1
47,0.4451,COMPLETE,1321.9,71.29072,0.246945,1.831373,0.200403,0.169119,7.902865,153.212846,4.826347,1.688422,2.145522,1.840979,2.862044,2.042679,130,1,1,1,0,0,1
48,0.6316,COMPLETE,542.9,14.031507,0.309289,1.34065,0.168852,0.156553,9.28462,246.01614,5.012649,1.995208,3.29813,2.566975,2.945253,2.454737,140,1,1,1,1,0,0
49,0.4859,COMPLETE,1071.7,50.912464,0.23152,1.853073,0.161499,0.166598,7.294327,322.469815,3.537462,1.365433,2.182941,1.749294,2.851931,2.496141,140,1,1,0,0,0,1
50,0.6579,COMPLETE,763.9,13.799151,0.300048,1.924022,0.265862,0.151691,4.826913,310.927748,5.360452,1.130322,1.144242,1.15459,2.54072,2.08507,130,1,1,1,1,0,1
51,0.727,COMPLETE,264.4,29.182268,0.251591,1.207728,0.22718,0.231031,7.239848,190.984391,3.594183,1.48745,1.929629,2.770231,3.551686,4.114664,120,1,1,1,1,0,1
52,0.6276,COMPLETE,597.8,33.468494,0.293821,1.707155,0.114469,0.216627,5.93965,214.336024,2.454203,1.853982,1.937243,2.40704,2.78252,2.833837,130,1,1,0,1,0,0
53,0.4964,COMPLETE,760.5,27.725488,0.300314,1.575092,0.193031,0.082831,4.179045,259.281404,3.595334,2.161993,2.260572,1.818371,1.59635,2.920186,150,1,1,1,0,0,1
54,0.6032,COMPLETE,146.8,30.313917,0.289819,1.884904,0.206641,0.087117,7.086575,274.025002,1.774473,1.674583,2.566109,1.409617,2.804146,5.527945,160,0,1,0,1,0,0
55,0.7028,COMPLETE,191.9,7.345079,0.230484,1.678649,0.205283,0.205611,9.57653,197.627682,3.418734,1.762483,2.494275,2.046665,3.17203,5.186654,190,1,1,1,1,0,0
56,0.6951,COMPLETE,217.5,37.822384,0.326631,1.925316,0.151195,0.246955,10.068059,357.967933,3.026657,2.433098,2.721401,3.590188,2.520649,4.876491,150,1,1,1,1,0,1
57,0.6831,COMPLETE,1118.4,94.60306,0.260372,1.40908,0.224325,0.161245,9.242449,192.37736,3.436196,1.09327,1.958798,2.504643,3.920384,2.145491,140,1,1,1,1,0,1
58,0.6459,COMPLETE,484.4,9.340858,0.29818,1.522141,0.238365,0.202663,9.732059,285.535002,2.16281,2.287592,1.537859,2.611027,2.67485,3.137006,150,1,1,1,1,0,0
59,0.7023,COMPLETE,762.4,15.310842,0.23793,1.534416,0.222646,0.247396,13.061829,250.077234,3.797465,2.414611,2.591828,2.006412,3.594523,2.492954,140,1,1,1,1,0,1
60,0.6246,COMPLETE,179.0,2.581557,0.229795,1.240161,0.245732,0.229971,11.584745,150.010439,2.882308,2.025171,2.173083,2.335818,4.899244,4.763281,150,1,0,1,1,0,0
61,0.7204,COMPLETE,136.0,15.318364,0.21326,1.422031,0.201262,0.209893,9.670558,250.961815,2.404328,1.823921,2.311107,3.333673,2.67541,5.115639,130,1,1,1,1,0,0
62,0.5306,COMPLETE,326.1,3.315043,0.292298,1.620326,0.099311,0.175187,10.249258,203.217858,4.152317,2.063014,2.174477,2.157547,1.993279,3.91885,140,1,1,1,0,0,0
63,0.7006,COMPLETE,411.4,18.307409,0.234735,1.372147,0.202373,0.207688,5.809647,214.73321,3.639432,0.814297,2.07301,3.000631,3.8952,2.961697,150,1,1,1,1,0,0
64,0.594,COMPLETE,95.5,5.320577,0.352983,1.730534,0.181732,0.204018,11.597831,244.686972,4.48969,1.403867,2.044583,3.214342,2.380497,8.105065,160,1,0,1,1,0,0
65,0.6795,COMPLETE,426.0,31.747515,0.282499,1.1013,0.243773,0.254854,7.414841,251.793001,4.903425,1.292661,1.605675,2.593577,3.275402,2.759962,140,1,1,1,1,0,1
66,0.6302,COMPLETE,189.2,65.120542,0.317847,1.291675,0.191336,0.225727,10.949555,211.484217,3.552576,0.547617,2.29912,2.788754,1.761205,4.594996,140,1,1,0,1,0,0
67,0.6516,COMPLETE,226.2,42.719284,0.362908,1.635081,0.222366,0.187979,10.133618,166.349251,2.71222,1.513859,2.053832,2.671393,2.635822,4.647656,140,1,1,1,1,0,0
68,0.6759,COMPLETE,199.6,60.934969,0.174693,1.605711,0.167178,0.260394,8.386137,260.655579,3.854412,2.2862,2.554287,2.155638,3.289075,3.978283,140,1,1,1,1,0,1
69,0.714,COMPLETE,241.6,6.539904,0.268206,1.173374,0.223772,0.201253,8.960353,180.138195,3.941017,1.140567,2.467391,2.908327,3.129255,3.853969,160,1,1,1,1,0,1
70,0.7305,COMPLETE,132.3,14.900621,0.252969,1.267024,0.282281,0.236685,7.74989,188.5763,3.775064,1.212605,2.758515,3.504801,2.513934,4.957331,150,1,1,1,1,0,1
71,0.3446,COMPLETE,241.9,32.58716,0.247561,1.62275,0.253724,0.178032,8.615563,306.188739,2.691072,1.944814,2.002089,2.991495,2.818841,4.82488,140,1,0,1,0,0,0
72,0.7211,COMPLETE,284.4,28.725521,0.206434,1.208656,0.175462,0.225444,11.983647,232.224344,3.697817,1.736419,2.20179,1.607053,4.135077,3.283197,150,1,1,1,1,0,0
73,0.6038,COMPLETE,937.2,48.350583,0.199924,1.331368,0.186027,0.233356,9.286113,311.398225,2.270622,1.800422,2.627914,2.984824,3.82134,1.997713,170,0,1,1,1,0,0
74,0.6329,COMPLETE,154.9,21.778166,0.107364,1.469854,0.206121,0.21592,6.017994,166.695097,4.209293,1.847808,2.741828,3.404215,2.298973,4.492285,110,0,1,1,1,0,0
75,0.722,COMPLETE,162.5,33.437029,0.219756,1.420347,0.229868,0.194166,8.012591,304.500261,2.224702,1.582126,2.373507,3.222352,2.840614,4.598157,150,1,1,1,1,0,0
76,0.7251,COMPLETE,205.7,19.880232,0.204657,1.475993,0.205443,0.191719,9.023426,197.970805,3.994781,2.403316,2.218858,2.236849,3.280224,4.10592,140,1,1,1,1,0,1
77,0.5866,COMPLETE,293.7,8.70327,0.179433,1.496794,0.189613,0.238398,11.922145,162.916773,3.949965,1.917818,2.057214,3.581724,3.600738,4.71805,160,1,1,1,0,0,0
78,0.6339,COMPLETE,1822.9,23.429283,0.274083,1.392727,0.246151,0.254935,8.172114,104.262092,2.208551,0.958275,2.234107,1.903264,4.116779,1.234183,130,1,1,1,1,0,1
79,0.5975,COMPLETE,1889.5,49.128213,0.17708,1.248592,0.234938,0.196828,8.527448,237.363737,4.218773,1.448912,2.781139,2.878786,3.735255,1.673674,150,1,0,1,1,0,0
80,0.5845,COMPLETE,424.1,43.084187,0.15074,1.359372,0.188859,0.247065,9.078973,274.779313,0.630077,1.761916,2.270116,3.88867,3.064809,3.155804,100,1,1,1,0,0,1
81,0.672,COMPLETE,101.7,23.209107,0.275033,1.297412,0.226117,0.195996,7.615028,317.491238,2.810689,1.849917,1.498836,2.620205,3.180115,6.825684,120,1,1,1,1,0,0
82,0.6465,COMPLETE,1136.4,5.523822,0.304983,1.133701,0.229312,0.25797,5.884107,309.62578,4.184569,1.521634,3.084022,2.105446,1.246735,2.099585,150,1,1,1,1,0,1
83,0.7098,COMPLETE,385.9,15.119128,0.201741,1.12459,0.21583,0.226931,10.115212,238.818615,3.539099,1.988654,2.388944,2.407861,2.789125,3.341366,130,1,1,1,1,0,0
84,0.6057,COMPLETE,394.3,9.90668,0.149716,1.337069,0.225714,0.227632,9.091316,201.566308,4.720816,2.145061,1.812818,2.967876,2.778173,3.989953,130,1,1,1,0,0,1
85,0.6944,COMPLETE,224.9,6.401541,0.277514,1.039015,0.209097,0.242569,8.264956,251.228721,2.974369,2.174806,1.544832,2.140736,3.024576,4.054138,160,1,1,1,1,0,0
86,0.5732,COMPLETE,278.1,23.340076,0.216738,0.986518,0.226711,0.200372,11.166193,215.262095,3.276604,2.374385,2.711711,3.42083,4.347232,4.993313,160,1,1,1,0,0,1
87,0.6922,COMPLETE,141.7,44.787392,0.227475,1.213086,0.250945,0.138175,9.499214,179.59515,2.265192,1.382949,2.587168,2.94636,4.112013,5.448635,170,1,1,1,1,0,1
88,0.6835,COMPLETE,147.5,11.035103,0.29114,1.284019,0.227823,0.183642,9.803676,203.97087,1.794937,2.11839,2.504342,4.30821,2.400815,6.053662,130,1,1,1,1,0,0
89,0.6708,COMPLETE,358.2,4.335607,0.299343,1.344726,0.253702,0.206882,4.955924,242.471811,4.798812,1.301756,1.860064,3.798876,3.080487,3.250303,120,1,1,1,1,0,0
90,0.6593,COMPLETE,136.3,6.692586,0.322469,1.369957,0.252704,0.257389,8.35071,171.016236,2.373866,2.026847,3.039467,4.164486,3.241818,5.316001,150,1,1,1,1,0,0
91,0.5796,COMPLETE,157.6,19.022216,0.250835,1.468847,0.225875,0.215132,9.972302,204.474682,4.462446,1.356729,2.34917,3.002875,2.255892,5.810906,160,1,1,1,0,0,1
92,0.6229,COMPLETE,187.3,11.602813,0.157739,1.19966,0.247122,0.237493,7.597914,197.579863,4.161462,1.838834,3.268264,3.181569,2.83387,6.263261,150,1,1,1,0,0,0
93,0.7136,COMPLETE,246.2,23.239595,0.220725,0.838166,0.181505,0.198125,8.04323,197.849979,3.301952,2.38762,2.196557,3.869227,2.635766,3.90929,130,1,1,1,1,0,1
94,0.7045,COMPLETE,291.7,12.810066,0.197337,0.98789,0.210536,0.215547,13.808245,272.360424,2.118134,1.671032,1.785755,2.02627,3.407134,3.806631,140,1,1,1,1,0,1
95,0.6824,COMPLETE,606.9,6.46083,0.253292,1.020476,0.232742,0.225498,10.664319,136.07996,2.250385,2.179962,2.452659,2.323068,2.318813,2.737406,140,1,1,1,1,0,1
96,0.5944,COMPLETE,692.1,36.745175,0.129646,1.15379,0.198452,0.245224,6.827617,221.612213,2.923941,1.379022,1.50388,2.37656,3.844588,2.280403,140,1,1,1,1,0,1
97,0.7047,COMPLETE,141.6,28.401622,0.207038,1.090428,0.19294,0.244421,6.752961,225.048487,3.295567,2.158266,1.548243,2.04966,3.635125,5.725479,140,1,1,1,1,0,0
98,0.7179,COMPLETE,179.3,5.280212,0.217807,1.270345,0.249756,0.193366,9.589504,190.503145,2.222916,1.204404,1.652009,3.414051,3.857082,4.800218,140,1,1,1,1,0,0
99,0.7034,COMPLETE,436.7,9.714102,0.279966,0.985077,0.227883,0.221545,11.16384,216.944927,2.772582,1.987985,2.065599,3.408484,2.18991,3.680649,170,1,1,1,1,0,1
100,0.6949,COMPLETE,187.3,4.571817,0.263419,0.839401,0.204348,0.219025,10.937417,238.01901,2.868925,1.76208,2.215095,3.595754,2.957125,4.777465,120,1,1,1,1,0,0
101,0.741,COMPLETE,227.4,16.927182,0.231451,1.036066,0.180053,0.213644,12.417208,331.944298,2.910283,2.074356,1.862793,2.14422,3.263864,4.228031,140,1,1,1,1,0,0
102,0.684,COMPLETE,352.6,8.368064,0.257412,1.144231,0.233509,0.248903,8.672415,213.141634,4.673618,2.700117,1.003156,3.641928,4.130301,3.493006,160,1,1,1,1,0,0
103,0.7134,COMPLETE,274.4,6.830346,0.198087,1.372038,0.164618,0.234005,9.681463,203.507312,3.050076,1.287269,2.664614,1.185155,3.160748,3.281663,170,1,1,1,1,0,0
104,0.6936,COMPLETE,254.0,8.994642,0.27269,0.90776,0.267509,0.295177,8.59699,204.457049,1.432896,1.795353,2.750412,2.19684,1.926098,3.836245,150,1,1,1,1,0,0
105,0.6917,COMPLETE,397.1,33.587238,0.231744,0.966892,0.206102,0.249746,8.584427,301.250898,1.095049,2.071508,2.667439,3.102591,4.061499,3.724579,150,1,1,1,1,0,0
106,0.7152,COMPLETE,136.6,7.83335,0.158754,1.21463,0.184523,0.221075,10.130045,254.08189,1.723945,0.623995,1.990567,1.885561,2.455586,5.222748,130,1,1,1,1,0,0
107,0.7205,COMPLETE,98.9,13.089643,0.234438,1.044668,0.115233,0.174142,14.479001,191.6856,3.412635,2.243379,1.591303,2.336164,2.242747,6.094083,160,1,1,1,1,1,0
108,0.6915,COMPLETE,171.4,61.741148,0.307644,0.946039,0.253238,0.2466,11.182894,316.800514,3.069215,2.866866,1.510359,2.375274,4.065362,4.815052,140,1,1,1,1,0,0
109,0.7072,COMPLETE,181.6,5.029641,0.233532,1.206581,0.159311,0.202176,8.063289,308.054201,3.361321,2.476113,1.708784,3.252371,3.121954,5.637545,150,1,1,1,1,0,1
110,0.6324,COMPLETE,2240.9,3.580003,0.224851,1.125145,0.182384,0.254619,12.961594,224.369416,2.717736,2.47103,2.488751,3.279507,3.426318,0.960118,130,1,1,1,1,0,0
111,0.6745,COMPLETE,106.6,23.064757,0.232378,0.897815,0.201632,0.192834,6.403438,202.465968,3.181041,2.044795,1.404932,2.950835,2.347378,6.833692,150,1,1,1,1,0,0
112,0.7028,COMPLETE,405.1,8.861088,0.252108,0.875649,0.232585,0.180401,9.783556,202.883609,1.286161,2.091625,2.15994,2.59463,3.566799,3.797191,150,1,1,1,1,0,0
113,0.6997,COMPLETE,301.0,5.833107,0.193304,0.808991,0.215229,0.221393,12.406195,210.793626,3.474182,2.145514,1.955186,4.065858,3.115096,3.36416,110,1,1,1,1,0,0
114,0.7166,COMPLETE,181.0,38.554612,0.212621,0.864362,0.227024,0.235551,10.383302,241.69373,3.065026,2.065783,2.657042,2.455861,1.981279,4.367028,140,1,1,1,1,0,0
115,0.7243,COMPLETE,269.2,7.671723,0.265509,1.182439,0.216085,0.179648,9.246908,303.766955,2.788986,1.403437,1.679939,2.676139,2.468741,4.227073,140,1,1,1,1,0,1
116,0.7088,COMPLETE,516.0,5.992283,0.258966,0.840127,0.191382,0.172847,9.016899,174.786499,2.853264,1.855726,1.706588,1.934616,4.306015,2.936287,150,1,1,1,1,0,1
117,0.6826,COMPLETE,109.4,9.059428,0.225953,1.060109,0.180838,0.219345,12.60849,196.366175,2.967801,1.983666,1.693985,2.525235,2.211152,6.654765,140,1,1,1,1,0,0
118,0.7081,COMPLETE,255.6,5.350837,0.253104,1.049226,0.238819,0.135776,12.198408,165.669599,4.918841,1.962967,2.112123,1.702261,2.49868,4.306966,140,1,1,1,1,0,0
119,0.7098,COMPLETE,120.4,23.789993,0.226904,0.994676,0.196121,0.192502,10.536186,196.97684,3.308417,2.309462,1.62193,3.358514,2.983546,5.730153,140,1,1,1,1,0,1
120,0.6769,COMPLETE,323.0,14.092225,0.306722,1.222594,0.185301,0.162862,10.180537,307.748584,3.306689,1.799398,2.43573,2.367467,3.080937,3.421349,160,1,1,1,1,0,1
121,0.7149,COMPLETE,142.1,28.007205,0.266419,1.175994,0.216154,0.185419,9.546837,293.724725,2.39786,2.130646,1.91405,1.69465,2.926399,5.326922,140,1,1,1,1,0,1
122,0.7205,COMPLETE,270.8,4.979986,0.238871,1.333524,0.161116,0.147589,12.655105,200.050992,3.378669,2.037429,1.42877,2.628236,2.585947,3.971207,150,1,1,1,1,0,1
123,0.6903,COMPLETE,208.8,14.436225,0.27246,1.321671,0.221954,0.198219,10.151105,167.967068,1.58776,2.09362,2.599153,3.209276,2.76812,4.643846,150,1,1,1,1,0,0
124,0.7021,COMPLETE,229.6,19.095922,0.267506,1.186401,0.139067,0.158528,10.424937,241.646942,2.724361,0.898179,1.165203,2.363132,2.255347,3.861482,160,1,1,1,1,0,1
125,0.7076,COMPLETE,277.4,17.794156,0.251637,0.882847,0.193861,0.198855,9.243652,229.616933,2.809652,1.93492,2.167713,2.648534,2.310051,4.115081,130,1,1,1,1,0,0
126,0.6957,COMPLETE,468.2,12.769445,0.259227,1.125515,0.185061,0.155952,11.456127,271.208684,4.326759,1.582217,1.791709,3.155218,2.966167,3.400943,130,1,1,1,1,0,0
127,0.7237,COMPLETE,161.2,26.347313,0.24133,1.361087,0.271111,0.166443,12.260056,190.721913,2.886898,1.854239,2.059783,2.768063,2.412443,5.072363,130,1,1,1,1,0,1
128,0.7055,COMPLETE,127.7,11.925105,0.213581,1.005164,0.221982,0.152245,14.909063,209.451761,2.171158,1.648055,1.264541,1.856699,2.239183,5.572808,160,1,1,1,1,0,0
129,0.7331,COMPLETE,149.5,6.222569,0.23675,1.427265,0.22973,0.197897,12.53344,229.564206,1.43551,2.410754,1.704231,2.390648,2.268868,4.991168,150,1,1,1,1,0,1
130,0.6877,COMPLETE,120.6,68.847151,0.273656,1.60794,0.19894,0.181703,10.985073,148.017209,4.11176,2.342533,3.16388,2.209016,2.291447,6.74509,160,1,1,1,1,0,1
131,0.6884,COMPLETE,148.0,22.595024,0.311907,1.267599,0.19371,0.17722,10.648203,149.705192,1.83327,1.767407,1.682436,2.450496,2.108165,5.693596,140,1,1,1,1,0,1
132,0.7374,COMPLETE,249.5,32.728786,0.260866,1.501373,0.234311,0.148468,11.42191,223.57769,3.382865,2.370048,2.509128,1.801118,3.30143,4.168768,140,1,1,1,1,0,1
133,0.721,COMPLETE,348.3,23.91379,0.215068,1.348251,0.21144,0.145702,10.229224,292.68699,3.576436,1.634272,2.272654,3.098294,1.699764,3.41874,150,1,1,1,1,0,1
134,0.6971,COMPLETE,370.0,9.681821,0.285993,1.25927,0.185272,0.155408,13.350458,165.855597,2.408874,2.245415,2.398938,1.793475,2.551648,3.408657,140,1,1,1,1,0,1
135,0.6831,COMPLETE,175.9,46.311254,0.190407,1.24417,0.199994,0.174389,10.291456,228.12763,2.879905,1.948103,2.883759,2.537571,3.139547,4.765941,180,1,1,1,1,0,1
136,0.714,COMPLETE,136.1,42.150941,0.250209,1.168574,0.242089,0.181483,9.134611,271.512725,2.869076,1.618707,1.967135,2.840958,2.77255,5.662194,140,1,1,1,1,0,1
137,0.6211,COMPLETE,89.3,15.835724,0.215268,1.457634,0.223129,0.157195,12.73081,139.229946,6.003027,2.245254,1.741998,2.993584,1.656803,7.696087,140,1,1,1,1,0,1
138,0.7122,COMPLETE,124.5,16.478585,0.250892,0.937756,0.175895,0.188298,12.738438,222.62495,0.695899,1.844476,1.850477,2.919632,2.133277,5.57828,160,1,1,1,1,0,1
139,0.7215,COMPLETE,130.5,18.448267,0.238953,1.207617,0.207366,0.096317,13.218168,161.292602,4.412486,2.615701,2.465817,2.093957,1.351802,6.070506,140,1,1,1,1,0,1
140,0.6997,COMPLETE,179.8,16.873596,0.308739,1.26075,0.243112,0.136431,7.146667,216.891017,2.724553,2.527717,2.830299,2.338356,3.256598,4.508604,150,1,1,1,1,0,1
141,0.7279,COMPLETE,135.6,23.585886,0.218503,1.181452,0.16998,0.135871,14.008585,266.244437,1.823424,2.004397,2.165693,1.131263,2.454371,5.017493,130,1,1,1,1,0,1
142,0.704,COMPLETE,161.6,80.821846,0.244701,1.456576,0.206292,0.090193,13.062881,256.335454,3.719284,2.00665,2.966622,2.266889,2.445301,5.611077,130,1,1,1,1,0,1
143,0.7122,COMPLETE,111.6,16.711765,0.198594,1.516045,0.203283,0.153424,14.62824,221.710711,2.851838,1.942117,1.522043,2.967077,1.129459,5.858946,140,1,1,1,1,0,1
144,0.6766,COMPLETE,135.5,36.023159,0.268363,1.325722,0.243848,0.157128,9.724173,155.416795,3.644255,1.905661,1.763556,3.267939,3.344835,6.286997,180,1,1,1,1,0,1
145,0.7119,COMPLETE,169.9,49.776459,0.286818,1.567761,0.234222,0.114551,9.303429,168.695699,4.199989,2.649407,2.178074,1.826573,3.323622,4.733,140,1,1,1,1,0,0
146,0.7194,COMPLETE,275.1,38.786139,0.237789,1.313382,0.204021,0.144884,8.564478,268.5104,3.012062,1.542305,2.491013,2.698492,2.6164,3.745298,130,1,1,1,1,0,1
147,0.7223,COMPLETE,192.9,4.112706,0.240489,1.239627,0.191195,0.166821,11.734603,200.066635,2.386566,1.76429,2.476171,2.799269,3.219058,4.567954,160,1,1,1,1,0,1
148,0.7078,COMPLETE,125.5,12.737365,0.274688,1.398132,0.245831,0.091045,10.59309,217.372645,3.20135,2.059835,2.287503,2.016149,2.513967,5.863673,120,1,1,1,1,0,1
149,0.7116,COMPLETE,155.7,28.014799,0.304482,1.619892,0.221232,0.053616,11.442755,183.662023,0.772152,2.021303,2.362583,2.486841,3.328528,6.021917,120,1,1,1,1,0,1
150,0.6843,COMPLETE,136.9,5.774015,0.271446,1.1199,0.217059,0.164371,12.423097,133.125067,3.956362,2.983701,2.408409,3.488724,1.244186,6.210402,160,1,1,1,1,0,1
151,0.6963,COMPLETE,311.2,10.741257,0.300174,1.452587,0.228822,0.120613,8.442029,215.759252,4.385504,3.242796,2.349086,1.789372,1.392302,3.670453,140,1,1,1,1,0,1
152,0.6386,COMPLETE,227.2,40.444531,0.142028,1.311558,0.269057,0.121431,9.484702,304.713443,3.934086,2.454054,3.170625,2.960329,2.831617,3.805771,140,1,1,1,1,0,1
153,0.7171,COMPLETE,195.0,18.268048,0.204696,1.288328,0.174224,0.129541,10.118633,331.717391,3.347544,1.532995,2.056858,2.986656,2.458654,4.582801,150,1,1,1,1,0,1
154,0.7216,COMPLETE,148.6,27.528668,0.217396,1.334456,0.144594,0.115873,9.695481,315.028953,1.760943,1.596103,3.283792,2.199607,3.60079,5.168336,120,1,1,1,1,0,1
155,0.6912,COMPLETE,119.6,15.987114,0.301399,1.374883,0.15253,0.123174,12.237576,217.662131,2.705232,1.842493,2.339675,3.268791,2.058734,6.441878,150,1,1,1,1,0,1
156,0.6482,COMPLETE,108.2,41.58554,0.170174,1.061368,0.160989,0.18447,12.677983,212.438365,0.899426,2.190423,1.285158,2.377398,2.124886,6.154617,140,1,1,1,1,0,1
157,0.6112,COMPLETE,1528.2,16.269657,0.316073,1.168074,0.141928,0.095644,9.587418,327.697279,2.733159,0.917405,1.939417,1.947893,2.602104,1.69961,170,1,1,1,1,0,1
158,0.6663,COMPLETE,154.7,13.723037,0.194779,1.140726,0.17852,0.210597,12.718166,187.44489,1.171762,1.411502,1.880957,3.028757,2.766617,6.46063,170,1,1,1,1,0,1
159,0.5969,COMPLETE,203.1,26.301703,0.237916,1.603164,0.185921,0.154056,12.733659,177.388655,3.080279,2.342957,1.644779,2.032483,2.715933,5.39658,150,1,1,1,0,0,1
160,0.7323,COMPLETE,226.3,48.65198,0.215267,1.373477,0.21621,0.186768,10.771892,267.668933,3.813949,1.257899,2.425478,1.342937,1.925701,4.278698,100,1,1,1,1,0,1
161,0.6684,COMPLETE,207.3,18.16775,0.305688,1.052046,0.188737,0.150839,12.214128,250.5525,4.236515,1.030463,2.827493,2.583586,2.455708,4.290589,160,1,1,1,1,0,1
162,0.6346,COMPLETE,153.0,32.408929,0.145206,1.417604,0.209707,0.189849,11.705157,203.0876,1.259903,1.801478,2.326083,1.762309,3.149036,5.776377,130,1,1,1,1,0,1
163,0.6405,COMPLETE,831.5,25.704204,0.316383,1.450703,0.181559,0.153438,8.286767,219.491567,3.066528,1.625533,2.287109,1.617319,3.368827,2.224036,140,1,1,1,1,0,1
164,0.7055,COMPLETE,187.7,11.822302,0.279563,1.160766,0.229601,0.188589,12.976991,221.114698,2.670662,2.073849,2.255637,2.374205,2.564925,4.79116,130,1,1,1,1,0,1
165,0.7313,COMPLETE,209.2,38.326531,0.238148,1.28957,0.193155,0.133334,10.737756,240.326581,2.529336,1.529669,2.097264,2.101645,2.233525,4.722081,110,1,1,1,1,0,1
166,0.6961,COMPLETE,307.5,111.643447,0.20105,1.23744,0.207833,0.136802,8.544816,248.317705,4.073093,1.856218,2.348869,1.8395,1.684097,3.664344,120,0,1,1,1,0,1
167,0.6317,COMPLETE,189.3,11.831941,0.138709,1.265141,0.202764,0.19892,9.471439,301.23149,2.891938,1.244826,2.226248,1.486404,1.642516,4.568221,110,1,1,1,1,0,1
168,0.5428,COMPLETE,378.9,43.17816,0.210718,1.287461,0.124211,0.15498,14.353801,324.47437,2.846901,1.861733,3.021776,1.559231,2.034419,3.656273,140,1,1,1,0,0,1
169,0.6771,COMPLETE,229.6,19.670618,0.165125,1.483114,0.200567,0.10452,10.291036,345.48959,3.03842,1.469111,2.415521,2.551758,2.631986,4.027466,120,1,1,1,1,0,1
170,0.6677,COMPLETE,133.5,57.967285,0.169721,1.395311,0.197754,0.165588,11.574475,340.749686,2.674614,1.453333,3.314323,1.659527,2.993506,6.042747,110,1,1,1,1,0,1
171,0.6992,COMPLETE,143.0,27.839471,0.224481,1.092187,0.187307,0.159523,5.456908,311.89988,3.361691,1.096811,2.450552,2.069966,3.287755,6.242457,130,1,1,1,1,0,0
172,0.7365,COMPLETE,232.4,31.080845,0.228052,1.336256,0.176864,0.123096,12.741469,308.615429,4.207307,1.382019,3.272011,2.047111,3.824662,4.851461,110,1,1,1,1,0,1
173,0.677,COMPLETE,162.7,33.634794,0.186075,1.243489,0.200358,0.172069,9.769162,274.915868,3.945408,1.460606,3.104713,2.462101,1.063029,5.686003,130,1,1,1,1,0,1
174,0.5786,COMPLETE,162.3,35.022733,0.218111,1.44749,0.211062,0.17389,6.817259,277.757647,4.188215,1.104358,2.891601,1.927012,1.576465,7.010229,120,1,1,1,0,0,0
175,0.7003,COMPLETE,374.8,26.349732,0.179797,1.143001,0.144817,0.157829,13.564682,202.685604,3.627087,1.556042,2.241976,2.356422,2.636838,3.613781,150,1,1,1,1,0,1
176,0.7025,COMPLETE,152.3,15.374501,0.250596,1.393329,0.176734,0.18714,10.74948,277.567389,2.856174,2.10782,1.975746,0.99143,3.895595,6.004599,120,1,1,1,1,0,1
177,0.6715,COMPLETE,151.4,49.728525,0.301003,1.268882,0.158339,0.220315,13.934121,304.807809,3.492935,2.208399,2.164238,2.1082,2.822521,5.928634,130,1,0,1,1,0,1
178,0.7204,COMPLETE,245.7,46.741835,0.235059,1.052346,0.136487,0.139487,9.867427,244.248088,3.578227,1.185769,1.94864,1.561499,3.592294,4.368051,120,1,1,1,1,0,0
179,0.6845,COMPLETE,132.7,17.21695,0.186313,1.43569,0.219107,0.159314,10.187884,331.285064,4.184222,2.016819,1.968383,1.898839,3.366712,5.670063,120,1,1,1,1,0,1
180,0.7091,COMPLETE,133.6,43.824022,0.236321,1.260292,0.208164,0.074288,9.294238,247.090868,3.868244,1.533216,2.221407,2.691497,3.22944,6.064271,120,1,1,1,1,0,1
181,0.7312,COMPLETE,182.9,20.185881,0.225503,1.459391,0.13958,0.198649,10.210783,141.659349,4.596844,1.402779,3.219929,1.717835,3.720028,4.388776,130,1,1,1,1,1,1
182,0.6793,COMPLETE,148.4,103.188074,0.202071,1.347107,0.194503,0.140425,11.971702,267.490943,3.472088,1.633488,2.213745,1.909251,4.181599,6.200893,110,1,1,1,1,0,1
183,0.7458,COMPLETE,191.2,125.261823,0.268844,1.417909,0.240568,0.183332,11.810675,222.450515,1.616332,0.990601,2.700837,2.658018,2.490893,4.573187,120,1,1,1,1,1,1
184,0.5656,COMPLETE,304.1,13.241033,0.275769,1.300323,0.184766,0.206643,10.393153,206.774947,2.954791,1.438865,2.231374,2.487681,3.841713,4.297406,110,1,1,1,0,0,1
185,0.5701,COMPLETE,511.0,30.165449,0.162754,1.271716,0.198165,0.142715,14.402121,261.658829,4.976897,1.281097,3.002253,1.739897,2.452022,3.582701,130,1,1,1,0,0,1
186,0.6318,COMPLETE,113.3,58.8564,0.274783,1.206716,0.164809,0.111006,11.263418,199.958212,4.384558,1.587787,2.246779,0.733284,3.547633,7.718965,100,1,1,1,1,0,1
187,0.7524,COMPLETE,141.1,60.308839,0.264355,1.101597,0.192737,0.168004,9.195246,250.45014,3.800278,1.398493,2.926668,2.355236,3.398261,5.364383,120,1,1,1,1,1,0
188,0.7028,COMPLETE,164.9,15.669811,0.196032,1.138931,0.205034,0.126444,13.104257,267.066253,2.587008,1.319608,1.518397,1.036594,3.585464,5.277235,140,1,1,1,1,0,1
189,0.7138,COMPLETE,153.2,148.257382,0.281023,1.145739,0.206934,0.134497,12.984579,174.018661,3.950602,1.462841,2.705617,1.784461,2.924881,5.787837,150,1,1,1,1,0,1
190,0.7359,COMPLETE,172.3,57.011286,0.263425,1.26127,0.140641,0.183615,9.469011,233.425272,3.200663,1.312646,3.120826,1.875941,2.640763,4.703927,100,1,1,1,1,1,1
191,0.7374,COMPLETE,263.4,56.891277,0.239414,1.373284,0.183324,0.163411,12.960438,221.869196,2.298326,1.359168,2.909939,2.077461,3.84023,3.969399,110,1,1,1,1,1,1
192,0.742,COMPLETE,314.2,35.395171,0.288454,1.271294,0.175019,0.169953,13.030624,212.622852,3.45036,1.051718,2.505237,2.474009,3.812101,3.852325,110,1,0,1,1,1,0
193,0.7256,COMPLETE,244.9,178.90086,0.261647,1.208446,0.192217,0.219324,10.02201,277.989254,4.245089,1.959374,2.559045,0.937407,3.134092,4.957759,120,1,1,1,1,0,1
194,0.6941,COMPLETE,168.6,25.172028,0.26828,0.969854,0.177748,0.175471,7.564029,237.447477,4.64958,0.740931,2.737959,1.826781,3.258789,5.40247,110,1,1,1,1,0,0
195,0.7052,COMPLETE,146.3,72.373241,0.23528,1.311664,0.237412,0.221879,10.476114,216.108213,3.802674,1.661357,2.394315,2.208559,3.031398,5.693446,110,1,1,1,1,0,0
196,0.4982,COMPLETE,857.3,20.156689,0.258951,1.341551,0.172652,0.155828,11.663984,178.407965,3.235524,1.414368,2.838312,2.244351,2.858985,2.907131,120,1,1,1,0,0,1
197,0.7124,COMPLETE,148.8,28.460723,0.286406,1.235391,0.251594,0.156801,10.305089,190.465405,4.438295,1.01748,2.657303,2.679339,2.921055,4.959868,130,1,0,1,1,1,1
198,0.6961,COMPLETE,238.8,35.178044,0.277171,1.210352,0.279835,0.096662,9.663543,211.530061,2.089704,0.692496,2.439873,1.868339,4.05671,3.83699,120,1,1,1,1,0,1
199,0.7155,COMPLETE,107.0,67.997004,0.2959,1.184427,0.174184,0.152132,9.201466,267.806642,2.360452,1.728293,2.808561,2.355304,2.873184,6.192003,100,1,1,1,1,1,0
200,0.6795,COMPLETE,259.5,74.515801,0.22145,1.361982,0.234729,0.219878,7.276728,169.210533,3.007898,1.64441,2.90463,3.172281,1.61172,3.225149,120,1,1,1,0,1,1
201,0.6939,COMPLETE,338.5,68.861923,0.248244,1.190254,0.103509,0.150179,10.363175,220.385589,3.004479,1.027574,2.071181,3.160305,3.791316,3.59951,110,1,0,1,1,1,1
202,0.7405,COMPLETE,193.7,145.965457,0.343335,1.22224,0.169627,0.185511,11.724469,155.593447,3.526924,1.786609,2.548098,3.02272,3.433597,4.338292,110,1,0,1,1,1,1
203,0.7047,COMPLETE,142.4,46.230303,0.306242,1.324532,0.170735,0.179144,11.82177,253.125055,2.417192,0.792918,2.675209,1.466195,3.896713,4.698382,140,1,1,0,1,1,1
204,0.7324,COMPLETE,155.2,19.662324,0.269695,1.321274,0.145419,0.198972,11.529912,214.416166,2.715079,1.581696,2.291882,2.878754,3.442361,4.489374,130,0,1,1,1,1,1
205,0.7195,COMPLETE,235.3,19.012685,0.265466,1.373103,0.213825,0.158836,10.584353,277.089684,4.608599,0.809797,3.55374,1.2153,3.240431,3.964131,130,1,1,1,1,0,1
206,0.7298,COMPLETE,146.6,40.902544,0.280873,1.502741,0.211089,0.178114,13.011569,253.732517,2.189462,1.496522,2.635119,2.372846,2.851346,5.129037,110,1,1,1,1,1,1
207,0.697,COMPLETE,164.6,58.16209,0.294195,1.27655,0.24465,0.164033,11.283401,169.750312,4.838222,1.101329,2.33509,1.104109,3.737521,5.187708,130,1,1,1,1,0,1
208,0.7071,COMPLETE,163.1,84.723056,0.287078,1.359448,0.212629,0.15976,9.799918,264.751979,2.795618,1.433678,3.0591,2.630244,3.46046,5.311988,110,1,1,1,1,0,1
209,0.6377,COMPLETE,165.9,31.257213,0.22566,1.107025,0.158256,0.157198,9.571512,210.643585,2.928295,1.583536,2.516326,2.096625,4.179814,4.836727,100,1,0,1,1,0,1
210,0.7422,COMPLETE,131.8,84.93819,0.261037,1.340384,0.146429,0.192711,12.659716,336.289763,4.22669,1.054173,3.193348,2.192584,3.717412,5.83751,120,1,1,1,1,1,0
211,0.7409,COMPLETE,210.0,79.040987,0.254523,1.118392,0.212856,0.187678,11.282565,290.554034,3.922277,1.230822,2.739454,2.411687,2.8041,4.279507,110,1,1,1,1,1,1
212,0.7022,COMPLETE,136.2,91.995504,0.273787,1.402918,0.173994,0.167722,8.311831,170.418271,3.963461,0.915852,2.540288,1.69769,3.106071,4.933551,130,1,0,1,1,1,1
213,0.7392,COMPLETE,112.9,39.402171,0.273948,1.353925,0.179123,0.202866,14.819283,357.324068,3.923129,1.342649,3.426851,3.383325,4.304929,5.867745,120,1,1,1,1,1,0
214,0.698,COMPLETE,100.9,20.57857,0.28339,1.227905,0.191456,0.156037,10.321899,239.067882,4.062581,1.41489,2.383885,1.845838,3.390587,6.340631,140,0,1,1,1,1,0
215,0.7196,COMPLETE,164.5,43.645616,0.318835,1.428055,0.085854,0.192764,10.244309,169.767759,4.605168,1.969806,2.546631,2.212024,3.497432,5.067091,150,0,0,1,1,1,1
216,0.7131,COMPLETE,168.3,46.449615,0.247445,1.145163,0.133988,0.126968,11.68834,292.617411,3.793577,2.170194,3.357472,1.843304,2.026175,5.317998,110,1,1,1,1,0,1
217,0.6927,COMPLETE,114.1,55.522957,0.302632,1.258333,0.1769,0.216419,14.020542,178.71763,4.592034,0.798567,2.302352,2.394414,2.503541,6.146547,120,0,0,1,1,1,1
218,0.7477,COMPLETE,503.1,24.686209,0.25539,1.532306,0.190408,0.156651,10.518561,316.596098,4.912572,0.533908,3.076202,2.94286,3.09563,3.413107,110,1,1,1,1,1,0
219,0.7033,COMPLETE,125.6,47.528793,0.276359,1.019777,0.171479,0.184967,13.109427,284.557077,3.057323,1.214096,2.905342,1.571216,2.736898,6.663851,100,1,1,1,1,1,1
220,0.7334,COMPLETE,110.7,47.984477,0.269108,1.665573,0.156569,0.179778,13.316603,177.208645,3.746713,1.074313,3.273204,2.743866,2.437721,6.037973,120,1,1,1,1,1,1
221,0.7098,COMPLETE,120.4,108.118264,0.234749,1.045521,0.170617,0.165257,10.343153,206.576526,4.474605,1.077019,2.10989,2.125768,3.21081,6.134717,120,1,1,1,1,1,1
222,0.6362,COMPLETE,1108.5,173.664688,0.24444,1.445918,0.219625,0.209014,9.189881,356.913282,4.321607,1.186136,3.11942,2.505576,2.896071,2.058508,130,1,0,1,1,0,0
223,0.7445,COMPLETE,155.4,74.043368,0.261353,1.217557,0.145217,0.178767,12.172937,256.759414,3.264957,1.170122,3.378058,2.32096,3.693876,4.500773,110,1,1,1,1,1,1
224,0.7356,COMPLETE,196.0,45.184259,0.302615,1.257533,0.138613,0.175081,14.509644,256.915562,2.536527,0.956705,2.31159,2.535734,3.245044,4.704968,130,0,1,1,1,1,1
225,0.7551,COMPLETE,171.5,53.351309,0.256097,1.478537,0.161504,0.168315,10.605621,242.118035,4.805405,1.284579,2.428066,3.086156,3.391786,4.82355,100,1,1,1,1,1,0
226,0.741,COMPLETE,234.8,66.489456,0.274001,1.262284,0.121065,0.189384,10.830076,305.07082,3.491087,0.649642,2.616027,2.402033,3.300587,3.733016,120,1,1,1,1,1,0
227,0.6946,COMPLETE,161.4,45.962867,0.318519,1.264144,0.144126,0.191372,14.425716,339.972042,2.672246,0.863917,3.32294,2.6914,2.750998,5.277412,110,1,1,1,1,0,1
228,0.7521,COMPLETE,268.7,38.049951,0.229513,1.378366,0.179928,0.26039,10.180034,266.138611,6.376028,1.316137,2.153636,2.461593,3.015302,3.554732,100,1,1,1,1,1,0
229,0.7396,COMPLETE,266.5,64.464783,0.314131,1.276186,0.159127,0.216518,11.786374,338.537634,4.517862,0.978748,2.350643,3.86859,2.863393,4.324259,110,1,1,1,1,1,1
230,0.7339,COMPLETE,369.3,32.308478,0.285878,1.44964,0.134901,0.174676,10.941982,211.732611,4.060629,0.469831,3.263084,3.196283,3.559516,2.947544,130,1,1,1,1,1,1
231,0.7156,COMPLETE,118.9,35.043704,0.174222,1.34893,0.197817,0.168279,7.455151,323.370155,3.062997,1.293853,2.726066,2.643667,2.57119,5.579712,140,1,1,1,1,1,0
232,0.7402,COMPLETE,139.7,60.809396,0.298292,1.296887,0.139545,0.193768,12.068798,311.348276,3.921394,1.580457,2.544559,3.024136,3.6662,5.337633,110,1,1,1,1,1,1
233,0.7366,COMPLETE,290.0,19.765217,0.230752,1.524637,0.183372,0.131478,8.409009,330.802976,3.982029,1.548436,3.117532,2.93964,4.123961,3.273751,110,1,1,1,1,1,1
234,0.7227,COMPLETE,143.5,93.143842,0.252762,1.408708,0.16357,0.12194,13.878152,267.783849,4.847692,1.262139,2.47907,2.092451,4.499591,4.937102,140,1,1,1,1,1,1
235,0.7464,COMPLETE,602.3,24.199534,0.221691,1.321655,0.116873,0.182141,12.966299,265.628381,3.931948,1.656295,3.215223,2.103097,3.34018,2.785312,130,1,1,1,1,1,0
236,0.7413,COMPLETE,285.9,41.304145,0.284215,1.125949,0.176934,0.159518,13.311704,317.707519,4.158538,0.713563,3.360525,2.805155,3.185248,3.556071,100,1,1,1,1,1,1
237,0.753,COMPLETE,190.4,12.100948,0.218249,1.400093,0.224391,0.1438,10.033639,324.148693,3.815696,0.394499,1.906384,1.998964,2.441492,4.011146,120,1,1,1,1,1,0
238,0.7135,COMPLETE,414.0,39.551314,0.276657,1.389345,0.148876,0.178745,11.984294,222.197588,5.880612,1.309909,3.193455,2.305177,3.890055,2.711095,110,1,1,1,1,1,1
239,0.7318,COMPLETE,249.8,44.11422,0.276866,1.09713,0.130825,0.214639,10.24584,239.35953,2.929179,1.579086,2.402309,2.167116,1.895123,3.3748,100,1,1,1,1,1,1
240,0.6589,COMPLETE,4066.9,51.254889,0.25308,1.340521,0.154405,0.179945,10.353749,311.002885,5.018805,1.62847,2.636965,2.97296,3.549392,0.572287,110,1,1,1,1,1,0
241,0.7525,COMPLETE,1300.1,70.460157,0.27103,1.443956,0.136866,0.166574,9.606779,278.571964,5.498397,2.662338,2.362624,2.41412,2.010191,4.350904,110,1,1,1,1,1,0
242,0.7077,COMPLETE,1029.2,29.338027,0.231576,1.257249,0.194294,0.17056,14.653165,261.943296,3.030127,1.337924,2.39084,2.943031,3.647379,6.264192,100,1,1,1,1,1,0
243,0.7152,COMPLETE,217.5,39.676269,0.262112,1.26555,0.164132,0.192033,9.363746,274.07223,5.301208,1.501178,2.586242,2.30656,4.168308,4.478002,100,1,0,1,1,1,0
244,0.7013,COMPLETE,793.8,34.390432,0.237838,1.384402,0.149555,0.239724,9.477109,251.778181,4.280938,1.208173,3.004962,2.602235,2.681009,2.546302,110,1,0,1,1,1,0
245,0.7066,COMPLETE,228.2,45.57245,0.193965,1.402253,0.199858,0.165031,10.219975,248.807966,5.036815,1.102037,2.667505,3.237063,4.390663,3.727238,110,1,1,1,1,1,1
246,0.7122,COMPLETE,472.4,17.293659,0.204119,1.591286,0.186958,0.173165,14.090298,186.056845,4.066025,1.551109,2.639165,4.456949,3.755142,2.478715,130,0,1,1,1,1,1
247,0.7428,COMPLETE,249.9,25.835661,0.230978,1.368499,0.187786,0.198228,12.450034,307.452837,3.882987,1.686514,2.579153,3.589276,3.843499,3.96347,100,1,1,1,1,1,0
248,0.7243,COMPLETE,263.0,129.929269,0.224557,1.400941,0.133039,0.208413,10.553957,235.840227,2.655384,1.216682,2.667937,3.384305,2.895919,3.441528,120,1,1,1,1,1,1
249,0.7481,COMPLETE,286.1,10.619145,0.277972,1.617228,0.211079,0.143849,6.937357,255.758325,4.878163,0.934622,1.91981,1.91976,2.795172,3.399577,130,1,1,1,1,1,0
250,0.7085,COMPLETE,2056.0,14.086123,0.218317,1.286535,0.208708,0.108711,9.309667,290.332842,4.166694,1.605076,1.823442,0.933587,2.531434,0.984881,150,1,1,1,1,1,0
251,0.7337,COMPLETE,767.4,21.45066,0.326576,1.41327,0.161771,0.166577,9.849103,313.838646,5.699299,1.124182,1.793338,2.741263,3.023755,4.557185,110,1,1,1,1,1,1
252,0.7134,COMPLETE,427.4,30.696484,0.183359,1.335959,0.263817,0.149998,9.487837,348.223061,4.195409,1.285575,2.276297,2.868783,2.370257,6.086052,100,1,1,1,1,1,0
253,0.761,COMPLETE,138.1,16.967721,0.202372,1.25357,0.14868,0.144501,9.86215,328.718722,4.326256,1.376941,1.784225,2.01719,1.439082,4.896316,120,1,1,1,1,1,0
254,0.7555,COMPLETE,159.8,35.575548,0.221534,1.197718,0.16867,0.209785,9.315181,340.1273,4.259,1.345102,2.750147,1.779593,2.732482,4.367971,100,1,1,1,1,1,0
255,0.7514,COMPLETE,158.7,25.644567,0.261894,1.536507,0.189665,0.192554,8.318142,334.048505,5.246734,0.921569,2.592142,2.148838,2.120602,4.57174,100,1,1,1,1,1,0
256,0.7286,COMPLETE,148.3,33.714492,0.268745,1.253964,0.202012,0.165858,10.045317,277.18583,4.492517,2.1822,2.270471,2.914333,1.583563,4.682692,130,0,1,1,1,1,0
257,0.7278,COMPLETE,315.0,38.363319,0.213011,1.333978,0.183976,0.132631,12.424597,261.870258,2.96563,1.485123,2.48413,2.433422,2.615094,3.021335,140,1,1,1,1,1,1
258,0.7497,COMPLETE,123.8,13.316951,0.249617,1.572042,0.216034,0.236351,6.028975,282.240708,4.193419,1.410163,2.413748,2.144119,3.231083,5.53233,120,1,1,1,1,1,0
259,0.7415,COMPLETE,331.2,22.557121,0.214056,1.433796,0.184517,0.207039,10.80004,260.447668,2.958318,0.972186,1.58538,2.781256,2.904647,2.99955,100,1,1,1,1,1,0
260,0.7563,COMPLETE,197.5,13.031348,0.252818,1.458184,0.274795,0.198233,10.887585,300.621153,5.695077,1.221777,2.253833,2.976953,2.562297,3.921735,100,1,1,1,1,1,0
261,0.7578,COMPLETE,178.7,10.732119,0.238123,1.344725,0.194579,0.20607,9.083619,332.539314,5.395915,1.402171,1.903957,1.598665,2.176668,5.026303,110,1,1,1,1,1,0
262,0.7447,COMPLETE,142.1,14.470243,0.199949,1.432446,0.210929,0.255262,9.716137,280.30355,5.193587,1.416712,1.57569,2.072879,3.14243,4.83144,110,1,1,1,1,1,0
263,0.7122,COMPLETE,335.3,24.587304,0.206082,1.348159,0.136669,0.145053,11.985639,307.273293,3.957331,1.093675,1.807911,1.23167,2.379725,3.42262,100,1,1,1,1,1,1
264,0.7603,COMPLETE,282.0,32.058679,0.216602,1.399547,0.197364,0.204258,8.897478,315.587373,3.618201,1.362062,2.902204,1.657659,2.749112,3.60806,110,1,1,1,1,1,0
265,0.697,COMPLETE,112.1,57.774502,0.178987,1.294795,0.198103,0.149718,9.729211,331.207118,3.710367,0.392945,2.363809,3.451951,2.308472,6.050011,100,1,1,1,1,1,0
266,0.7422,COMPLETE,132.2,15.595109,0.257596,1.457564,0.181833,0.214883,10.106041,283.313124,4.958466,1.369505,2.163962,2.526501,2.816375,5.399944,130,1,1,1,1,1,0
267,0.7527,COMPLETE,298.3,13.129711,0.210619,1.28273,0.183674,0.181269,12.329789,292.927769,4.847509,1.648535,2.062217,1.220028,3.301732,3.270108,100,1,1,1,1,1,0
268,0.7174,COMPLETE,222.4,10.512563,0.192723,1.776177,0.189813,0.166705,8.719844,284.438921,4.145118,1.735971,2.514546,2.471115,1.921898,4.025069,100,1,1,1,1,1,1
269,0.723,COMPLETE,137.7,15.17873,0.219014,1.45252,0.214389,0.153003,5.912454,345.992539,4.888627,1.211687,1.600852,2.544819,1.90116,5.613755,100,1,1,1,1,0,0
270,0.7496,COMPLETE,161.2,10.784286,0.25603,1.418415,0.211542,0.163176,9.76509,306.757596,5.460051,0.528907,2.808887,3.24202,2.091004,4.619328,120,1,1,1,1,1,0
271,0.7114,COMPLETE,133.2,43.97326,0.16926,1.404204,0.177065,0.187222,9.07109,303.397486,5.491416,0.801821,2.627186,3.907244,2.269228,5.103062,120,1,1,1,1,1,0
272,0.6951,COMPLETE,343.4,24.676013,0.201707,1.493492,0.170183,0.120872,8.335484,313.838541,4.199336,0.954942,3.091288,1.953865,2.23833,2.93797,110,1,1,1,1,1,1
273,0.6003,COMPLETE,321.2,15.158758,0.140308,1.528895,0.221515,0.176409,10.327004,320.127733,5.156619,0.919911,2.22497,1.683401,2.339352,2.766502,110,1,1,1,1,1,1
274,0.7532,COMPLETE,142.2,30.179886,0.22118,1.230896,0.147791,0.268771,10.22742,351.942251,4.802033,1.71347,2.380173,2.060837,2.357388,5.08787,120,1,1,1,1,1,0
275,0.7692,COMPLETE,153.9,8.306033,0.224628,1.212265,0.215348,0.206405,10.117025,349.012838,3.225277,1.190137,1.936359,2.156028,1.832321,4.667948,100,1,1,1,1,1,0
276,0.7242,COMPLETE,382.0,16.672457,0.282502,1.232147,0.134676,0.210197,8.743775,315.253619,3.19525,0.6913,1.800581,3.057128,2.801983,3.109913,110,1,1,1,1,1,0
277,0.6838,COMPLETE,177.4,17.933369,0.195506,1.52483,0.190901,0.222804,9.225529,286.367703,4.695919,1.901773,2.204509,1.698521,2.310318,4.359397,110,1,1,1,0,1,0
278,0.6843,COMPLETE,275.6,5.999799,0.155406,1.364736,0.228367,0.203314,9.805151,358.763362,4.256194,1.967312,2.069204,2.330138,3.096996,3.02964,120,1,1,1,1,1,0
279,0.7447,COMPLETE,223.2,28.97008,0.213918,1.226236,0.201496,0.198155,8.807366,293.275452,4.230861,1.033085,2.100031,2.054662,3.037487,3.864264,100,1,1,1,1,1,0
280,0.7527,COMPLETE,150.8,15.65545,0.262672,1.389784,0.199776,0.261196,8.109999,309.696851,4.57449,2.012859,2.923538,2.634142,3.425489,4.284364,100,1,1,1,1,1,0
281,0.7491,COMPLETE,275.4,15.124389,0.195998,1.596963,0.187287,0.181939,5.92546,318.019312,5.366565,0.93511,2.630457,2.884078,2.531169,3.556945,130,1,1,1,1,1,0
282,0.7449,COMPLETE,126.7,11.38258,0.200233,1.424289,0.164075,0.185318,6.588177,284.164656,2.91498,2.150774,2.511558,1.138242,2.645504,5.075767,120,1,1,1,1,1,0
283,0.7472,COMPLETE,142.5,14.335882,0.203274,1.46498,0.236453,0.186777,9.910075,234.544887,5.132672,1.060964,2.260839,2.093067,1.963082,4.52178,100,1,1,1,1,1,0
284,0.7481,COMPLETE,125.7,10.049068,0.2521,1.436283,0.137295,0.190453,8.430408,295.569445,3.753166,1.462175,2.7129,1.043258,4.11142,5.180336,100,1,1,1,1,1,0
285,0.7558,COMPLETE,212.8,20.841757,0.231241,1.376742,0.213906,0.235286,10.696411,254.801624,4.466986,1.622577,1.849337,2.288817,2.125459,3.579153,100,1,1,1,1,1,0
286,0.7148,COMPLETE,201.9,1.957443,0.240132,1.429667,0.167985,0.224046,8.71499,331.912254,2.7817,0.127757,2.010459,2.673697,2.360535,5.885727,120,1,1,1,1,0,1
287,0.7236,COMPLETE,839.6,23.831971,0.295189,1.15938,0.229435,0.193433,9.984522,297.123898,3.844209,1.105632,1.693916,3.025117,3.262633,2.947399,120,1,1,1,1,1,0
288,0.745,COMPLETE,130.3,11.412607,0.232505,1.346545,0.202161,0.173017,9.764451,285.727022,3.040451,2.043529,1.946006,2.377377,1.522886,5.107361,130,1,1,1,1,1,0
289,0.6901,COMPLETE,99.9,13.928767,0.256749,1.234118,0.199686,0.212727,8.880629,339.435589,3.676873,0.908415,2.385935,2.769621,1.564613,5.923916,110,1,1,0,1,1,0
290,0.7297,COMPLETE,105.0,10.69816,0.216187,1.302028,0.170542,0.2458,9.697691,278.57651,5.352552,1.514297,2.189312,2.656982,3.033109,5.290208,110,1,1,1,1,1,0
291,0.7433,COMPLETE,146.1,14.46956,0.202139,1.601781,0.150598,0.225567,10.223974,282.397525,4.246891,1.834494,2.807809,1.67227,2.238058,4.420096,120,1,1,1,1,1,0
292,0.7203,COMPLETE,97.5,8.793643,0.267481,1.266223,0.228615,0.292945,8.843672,319.32995,4.474146,1.009263,2.88817,2.220972,3.066903,6.169738,120,1,1,1,1,1,1
293,0.6766,COMPLETE,132.8,20.806808,0.173062,1.208413,0.154716,0.183516,9.280303,319.373479,4.130425,2.040596,3.255739,2.204325,2.202785,4.465299,100,1,1,1,1,1,1
294,0.7472,COMPLETE,151.2,18.206088,0.207907,1.417375,0.11209,0.266708,8.061998,308.313995,2.112453,1.218298,2.452136,2.339007,2.490203,4.176133,100,1,1,1,1,1,0
295,0.7375,COMPLETE,190.1,6.829177,0.244016,1.519779,0.210538,0.231508,7.387933,317.135161,4.914966,1.144981,2.546368,3.175024,2.215289,4.046013,120,1,1,1,1,1,0
296,0.7397,COMPLETE,267.5,9.50834,0.218775,1.363658,0.195856,0.213555,10.39987,253.485827,2.786375,1.485284,1.758416,2.161253,2.494052,3.371331,100,1,1,1,1,1,0
297,0.747,COMPLETE,179.6,11.094501,0.271971,1.594795,0.190439,0.231675,13.053124,335.070442,4.049913,1.700614,3.043693,2.653374,2.397172,4.209898,110,1,1,1,1,1,0
298,0.7384,COMPLETE,314.2,18.027291,0.18659,1.402361,0.185185,0.249947,10.258791,273.467733,3.763479,1.623175,2.634666,1.824698,3.050399,3.376384,120,1,1,1,1,1,0
299,0.7239,COMPLETE,140.5,17.209608,0.23738,1.480538,0.155952,0.249758,9.895804,259.261177,3.939996,1.526037,2.369353,2.36933,2.836309,5.625347,110,1,1,1,1,1,0
300,0.7302,COMPLETE,959.7,20.379851,0.192115,1.435321,0.24158,0.228334,9.962032,248.941213,4.618099,1.34552,2.181032,1.913894,2.713263,1.532839,100,1,1,1,1,1,0
301,0.7591,COMPLETE,232.0,15.125781,0.2006,1.425162,0.142721,0.25935,11.018896,241.682711,2.806443,1.442879,2.541907,2.2095,1.486494,3.392158,100,1,1,1,1,1,0
302,0.7364,COMPLETE,933.8,20.73029,0.209782,1.542104,0.229739,0.197453,7.4409,274.820875,4.08844,2.095389,2.01275,3.054469,2.17767,2.834183,110,1,1,1,1,1,0
303,0.7501,COMPLETE,954.3,19.291249,0.198818,1.420736,0.134855,0.260858,9.592929,272.435578,3.426056,1.395518,2.475997,1.986152,2.753992,2.692835,140,1,1,1,1,1,0
304,0.7603,COMPLETE,255.4,11.099808,0.232041,1.4744,0.214915,0.207992,9.840256,267.398278,2.565498,1.745257,2.193199,2.671427,1.83108,3.602508,100,1,1,1,1,1,0
305,0.7528,COMPLETE,150.4,13.72698,0.245387,1.198519,0.186819,0.221414,7.508467,343.226689,3.634812,1.427715,2.82188,2.26242,2.544236,4.242608,100,1,1,1,1,1,0
306,0.7378,COMPLETE,456.1,25.896181,0.226029,1.230449,0.159285,0.275457,9.032703,303.840829,4.588083,1.848495,2.229488,1.713362,2.500706,2.365167,100,1,1,1,1,1,0
307,0.7211,COMPLETE,399.1,33.403281,0.209827,1.267004,0.183095,0.193549,10.047983,220.282257,4.811266,2.017901,1.918208,1.943824,2.284799,2.366353,100,1,1,1,1,1,0
308,0.738,COMPLETE,309.5,26.96283,0.273074,1.420531,0.115349,0.238817,6.158568,259.298893,4.115473,1.255082,2.15379,1.803972,1.617426,3.038476,100,1,1,1,1,1,0
309,0.6912,COMPLETE,1064.1,25.00214,0.27675,1.48826,0.202198,0.221922,7.487607,258.174481,2.562484,1.576742,1.730178,1.375721,1.56543,1.311246,110,1,1,1,1,1,0
310,0.7177,COMPLETE,104.9,15.400108,0.232154,1.513379,0.196685,0.226027,9.89488,283.508464,4.241364,1.104404,2.445993,2.536938,2.660479,5.513314,110,1,1,1,1,1,1
311,0.6364,COMPLETE,254.1,10.723132,0.192524,1.465617,0.135676,0.246222,10.328896,254.533357,0.558351,1.132337,2.539363,2.173487,2.247159,3.365266,110,1,0,1,1,1,0
312,0.7377,COMPLETE,330.7,23.119444,0.203083,1.467902,0.18689,0.221537,9.501188,271.538904,3.125777,1.475107,2.27319,2.558164,0.959059,2.670224,110,1,1,1,1,1,0
313,0.7338,COMPLETE,550.0,15.487524,0.245373,1.373536,0.165439,0.235584,8.132183,271.719029,3.233909,1.660642,2.452119,2.883075,1.649437,2.073065,100,1,1,1,1,1,0
314,0.7211,COMPLETE,134.0,8.511115,0.242919,1.451179,0.157307,0.242939,9.545352,340.156259,2.84132,0.978566,3.025459,2.309554,1.800233,4.495395,100,0,1,1,1,1,0
315,0.7477,COMPLETE,458.1,11.480879,0.271447,1.457408,0.169424,0.271193,11.20388,240.712063,3.719147,1.548458,2.992228,2.180874,2.351108,3.708148,100,1,1,1,1,1,0
316,0.7415,COMPLETE,288.9,17.295065,0.206777,1.379176,0.141002,0.217074,10.99283,283.560931,2.494214,1.636821,2.141745,2.677589,1.796622,3.134067,100,1,1,1,1,1,0
317,0.6482,COMPLETE,569.9,13.817513,0.201449,1.347527,0.170586,0.250392,9.974156,246.258391,2.99213,2.645976,2.511482,2.380767,1.962507,2.478642,110,1,0,1,1,1,0
318,0.6584,COMPLETE,375.0,12.400716,0.296139,1.340583,0.21824,0.264934,11.22055,284.75118,3.221846,1.115085,2.426891,2.488389,1.946713,3.295128,100,1,1,1,1,0,0
319,0.6886,COMPLETE,98.9,24.134688,0.167815,1.275499,0.208847,0.223171,9.087049,264.415572,3.206365,2.40335,2.632369,2.188206,1.992788,6.29698,130,1,1,1,1,1,0
320,0.6751,COMPLETE,381.8,12.624662,0.223811,1.235723,0.156234,0.240185,11.099101,290.746172,1.835099,1.326028,2.643148,3.838862,1.995362,3.261015,100,1,0,1,1,1,0
321,0.7451,COMPLETE,574.1,9.971304,0.221274,1.19533,0.170459,0.256348,10.672384,358.830092,3.401425,1.351415,2.70583,2.521715,1.521051,2.439797,110,1,1,1,1,1,0
322,0.7356,COMPLETE,325.3,12.466479,0.200083,1.558212,0.195047,0.230964,9.856694,288.40693,4.094937,1.767354,3.342755,2.0967,0.985027,2.93447,130,1,1,1,1,1,0
323,0.7303,COMPLETE,1661.8,15.164037,0.260603,1.413783,0.209784,0.238596,12.39433,214.057534,3.781091,0.986283,2.927755,2.438761,2.52068,1.858849,100,1,1,1,1,1,0
324,0.7584,COMPLETE,184.5,9.833602,0.223175,1.335997,0.202071,0.224587,12.383713,288.749472,2.107291,2.054022,2.999937,2.526325,1.706204,3.935154,110,1,1,1,1,1,0
325,0.6494,COMPLETE,1104.9,15.805051,0.216007,1.463962,0.183924,0.232925,9.720287,233.462611,2.153778,1.755154,2.367668,2.493941,1.437603,1.994806,100,1,0,1,1,1,0
326,0.709,COMPLETE,194.5,24.607287,0.159481,1.592542,0.140391,0.224407,10.523011,297.146442,0.807998,1.946495,2.736158,3.251888,1.804844,3.496408,120,1,1,1,1,1,0
327,0.7544,COMPLETE,361.0,17.445567,0.231516,1.184821,0.161233,0.279462,11.873493,248.005616,3.026143,0.965714,2.237429,1.965619,1.807405,2.854101,110,1,1,1,1,1,0
328,0.746,COMPLETE,214.3,10.929994,0.245074,1.515852,0.19325,0.224402,8.607886,253.540839,4.179075,1.432839,2.989116,2.260535,1.488832,3.581302,100,1,1,1,1,1,0
329,0.6933,COMPLETE,237.1,13.009957,0.2442,1.500604,0.157508,0.287675,10.31889,271.47856,3.399494,1.369344,2.223466,2.565892,2.140717,3.705215,100,1,0,1,1,1,0
330,0.745,COMPLETE,391.2,15.068806,0.255549,1.313514,0.171882,0.25551,11.31407,247.780583,2.754751,1.323341,1.891445,2.219179,1.95928,3.236263,100,1,1,1,1,1,0
331,0.7571,COMPLETE,250.5,8.09947,0.210092,1.56145,0.150949,0.258589,10.707721,276.81431,2.313325,1.711979,2.347768,2.551318,1.504582,3.432516,110,1,1,1,1,1,0
332,0.7492,COMPLETE,391.3,3.428329,0.250292,1.501221,0.180579,0.258433,7.771739,240.984633,2.698635,1.730342,3.050791,2.005423,1.392931,2.953735,100,1,1,1,1,1,0
333,0.6823,COMPLETE,1047.4,17.365391,0.254992,1.350253,0.173918,0.284295,12.127674,222.972647,1.891807,1.89695,3.001356,2.129247,2.443016,1.783981,120,1,0,1,1,1,0
334,0.7232,COMPLETE,196.5,5.801273,0.16537,1.285912,0.173847,0.210406,10.507452,270.940984,2.724393,1.397892,1.742158,2.676229,2.009832,3.70283,120,1,1,1,1,1,0
335,0.6428,COMPLETE,1342.0,10.285841,0.299365,1.432429,0.168199,0.23039,11.568393,184.171114,2.430022,2.341445,1.982776,2.602924,2.495651,2.290737,110,0,1,1,1,1,0
336,0.7329,COMPLETE,1447.1,10.012415,0.250176,1.221275,0.240853,0.270201,12.65963,288.446469,1.508655,2.241021,2.258485,2.523328,1.521346,1.774937,100,1,1,1,1,1,0
337,0.6944,COMPLETE,667.3,3.488797,0.219716,1.343064,0.198912,0.224375,9.271928,265.357312,2.654465,1.59689,2.416839,1.742954,1.945605,2.579176,100,1,1,1,1,0,0
338,0.7442,COMPLETE,446.5,3.935869,0.243133,1.438092,0.135166,0.233078,12.307929,215.270101,1.751331,2.41837,2.396876,1.738911,1.850948,3.039749,130,1,1,1,1,1,0
339,0.7353,COMPLETE,163.6,13.732308,0.175648,1.448506,0.227378,0.264841,11.794148,310.571257,1.794614,2.232647,3.283836,2.626129,1.803256,3.900222,110,1,1,1,1,1,0
340,0.7548,COMPLETE,212.2,31.783534,0.223401,1.30256,0.180177,0.218627,13.116573,249.245884,1.893971,2.422427,2.658425,2.286038,1.336193,3.616973,110,1,1,1,1,1,0
341,0.6995,COMPLETE,425.7,10.172977,0.240805,1.510363,0.232554,0.277751,11.175974,287.942808,1.767536,1.392266,2.982091,2.422255,1.268778,3.064061,100,1,1,1,1,0,0
342,0.6012,COMPLETE,964.0,3.401176,0.197197,1.443563,0.162266,0.260401,9.885522,238.561273,3.741851,1.664888,2.523806,1.622669,2.585168,2.417794,130,1,0,1,1,0,0
343,0.7504,COMPLETE,795.4,7.1905,0.228563,1.506855,0.171956,0.227825,8.785147,304.016761,2.995134,1.703399,2.560477,2.701568,1.514873,2.818236,100,1,1,1,1,1,0
344,0.6809,COMPLETE,319.1,7.507007,0.219947,1.508856,0.202509,0.273949,13.481053,299.456258,1.69012,1.229932,2.792776,2.661139,0.888973,3.494191,110,1,0,1,1,1,0
345,0.6668,COMPLETE,1788.5,14.388606,0.225443,1.456686,0.1956,0.212659,12.914468,298.087967,0.799956,1.78539,2.572122,1.976402,1.342917,1.783801,130,1,1,1,1,0,0
346,0.7594,COMPLETE,138.3,4.193948,0.206492,1.28279,0.181011,0.251066,11.576575,334.414515,1.02121,2.83498,2.988976,2.557811,1.224188,4.813805,100,1,1,1,1,1,0
347,0.7258,COMPLETE,400.3,24.161096,0.236652,1.28148,0.183577,0.245582,10.674215,283.234197,2.601613,2.263967,2.111335,2.483127,0.968685,2.919628,100,1,1,1,1,1,0
348,0.7265,COMPLETE,593.9,16.620062,0.254479,1.40759,0.137794,0.269429,12.128051,247.907722,2.163008,2.673336,2.408646,2.79239,1.651124,2.351426,110,1,1,1,1,1,0
349,0.6778,COMPLETE,152.5,11.032521,0.148267,1.373774,0.198524,0.187339,12.164177,276.705315,0.971889,1.660698,2.425697,2.206034,1.27302,3.962966,110,1,1,1,1,1,0
350,0.7581,COMPLETE,215.9,8.369314,0.214954,1.337164,0.187796,0.239423,8.205492,295.714825,2.027066,1.701992,3.613017,1.878701,0.523676,4.216114,120,1,1,1,1,1,0
351,0.7327,COMPLETE,1382.9,24.543141,0.196088,1.41698,0.154812,0.225023,10.070037,307.204728,4.529219,1.340501,2.71146,1.999871,1.833135,1.998574,110,1,1,1,1,1,0
352,0.71,COMPLETE,2499.1,7.511634,0.270906,1.285345,0.209426,0.248771,11.795213,224.993344,3.132251,2.154716,2.213965,1.962154,1.265552,1.542289,110,1,1,1,1,1,0
353,0.7154,COMPLETE,149.7,8.585245,0.165586,1.52731,0.166453,0.21015,9.417459,255.381283,2.026989,1.931729,3.048858,2.972475,0.748561,3.845205,110,1,1,1,1,1,0
354,0.7603,COMPLETE,301.2,6.046992,0.245579,1.441675,0.19351,0.262701,11.567396,254.696924,1.659152,2.375677,3.060636,3.319559,2.066512,3.599662,120,1,1,1,1,1,0
355,0.7519,COMPLETE,122.9,35.148956,0.209463,1.178824,0.193127,0.242102,9.362473,262.392467,2.388426,1.976977,2.342313,3.222949,2.995254,4.335578,140,1,1,1,1,1,0
356,0.7113,COMPLETE,121.8,7.706113,0.164074,1.18256,0.176631,0.229432,14.688151,223.343993,2.349594,2.32119,2.803824,2.515765,2.004921,4.698319,100,1,1,1,1,1,0
357,0.7374,COMPLETE,111.4,4.328419,0.252551,1.553471,0.199641,0.27367,10.292329,242.480591,2.084672,2.264958,2.506429,3.076087,1.354639,4.873716,110,1,1,1,1,1,0
358,0.7526,COMPLETE,122.3,29.862189,0.238549,1.653788,0.154234,0.225467,10.034485,295.492339,1.047784,2.905161,3.481236,2.355085,1.731704,4.699077,120,1,1,1,1,1,0
359,0.7518,COMPLETE,107.0,9.770967,0.237541,1.584352,0.230455,0.236052,12.007022,309.986504,2.14294,1.87168,3.284209,3.236301,1.560955,5.364951,120,1,1,1,1,1,0
360,0.7499,COMPLETE,120.0,4.793721,0.218623,1.299066,0.153646,0.266538,12.013713,297.103873,1.300452,2.349311,2.684744,3.509075,1.19579,4.783988,120,1,1,1,1,1,0
361,0.7438,COMPLETE,195.8,8.34694,0.22668,1.25087,0.190806,0.19564,12.119245,232.985849,2.08891,2.306071,2.720526,2.685022,1.743738,3.522808,110,1,1,1,1,1,0
362,0.7626,COMPLETE,272.5,5.018137,0.22043,1.161279,0.182037,0.254938,10.622838,299.452756,1.939195,1.862065,3.103215,2.528897,1.623324,3.490082,100,1,1,1,1,1,0
363,0.7533,COMPLETE,272.4,17.616605,0.235269,1.179832,0.207988,0.216779,9.637395,312.783201,2.188295,2.949944,2.918671,3.549908,0.725216,3.343627,100,1,1,1,1,1,0
364,0.7649,COMPLETE,143.9,6.217878,0.22811,1.370822,0.177502,0.236641,8.985211,346.7091,1.629522,2.173542,3.527078,3.0358,2.121531,4.386982,110,1,1,1,1,1,0
365,0.7205,COMPLETE,96.4,9.04583,0.160438,1.428223,0.196262,0.277963,12.15746,311.408347,3.391926,1.684241,3.889929,1.844571,1.21321,4.822611,110,1,1,1,1,1,0
366,0.7497,COMPLETE,110.7,6.223798,0.199983,1.562365,0.172379,0.267255,11.724876,240.33808,3.726116,2.652039,2.755299,2.623994,1.015607,5.200365,120,1,1,1,1,1,0
367,0.7587,COMPLETE,211.6,3.002723,0.255762,1.222612,0.196071,0.273435,10.062891,275.175727,3.246274,2.635392,3.468346,3.35611,2.426862,4.449553,110,1,1,1,1,1,0
368,0.7499,COMPLETE,239.9,7.60272,0.201774,1.283994,0.210127,0.259459,9.989854,310.958644,3.262864,2.271776,3.891494,3.103837,1.459721,3.890193,110,1,1,1,1,1,0
369,0.7467,COMPLETE,133.4,4.304059,0.217818,1.317182,0.146929,0.257811,10.977622,260.19423,3.08867,2.199403,3.337464,2.680956,2.076129,4.147616,110,1,1,1,1,1,0
370,0.7531,COMPLETE,218.0,7.524467,0.229104,1.31314,0.147263,0.195378,9.836958,314.875498,1.290731,1.712503,2.395322,3.352111,1.637591,3.706798,130,1,1,1,1,1,0
371,0.7536,COMPLETE,207.7,10.346974,0.227664,1.399951,0.20118,0.268539,9.943439,259.312059,2.05077,2.658771,3.60326,3.171381,2.066661,3.588318,110,1,1,1,1,1,0
372,0.7623,COMPLETE,169.5,18.55738,0.247419,1.246099,0.183548,0.254017,8.254316,285.115649,2.059241,3.252431,3.484597,2.910422,2.722692,3.837049,100,1,1,1,1,1,0
373,0.7347,COMPLETE,452.4,9.25334,0.244011,1.084416,0.184261,0.26842,10.115617,318.235021,1.190519,2.807197,3.020062,2.875523,1.405714,3.24503,100,1,1,1,1,1,0
374,0.7694,COMPLETE,148.2,3.735351,0.229113,1.352738,0.194788,0.238939,11.751634,264.459812,0.618232,2.187576,2.921561,2.887348,1.085849,4.600777,110,1,1,1,1,1,0
375,0.7542,COMPLETE,267.3,3.471518,0.200704,1.185662,0.161182,0.201464,9.533012,330.21327,2.190874,2.44354,3.433109,3.338938,0.250251,2.860353,100,1,1,1,1,1,0
376,0.7551,COMPLETE,152.7,6.663673,0.249377,1.222657,0.208841,0.261422,10.341753,311.586827,2.094704,1.906057,3.951221,2.677435,1.052258,4.265077,130,1,1,1,1,1,0
377,0.7497,COMPLETE,432.0,6.751703,0.222011,1.525692,0.21597,0.22539,9.171944,319.458784,0.852702,2.12502,3.807433,3.524182,1.475856,2.33946,130,1,1,1,1,1,0
378,0.7357,COMPLETE,210.5,6.914241,0.213631,1.557108,0.183884,0.275629,12.468968,298.536217,1.565126,1.63761,3.942513,2.639917,1.032937,3.79822,100,1,1,1,1,1,0
379,0.7556,COMPLETE,140.8,4.73954,0.219887,1.165241,0.240891,0.248037,10.878126,281.723791,1.215639,1.99749,3.465483,2.867526,1.516886,4.534494,130,1,1,1,1,1,0
380,0.7548,COMPLETE,154.4,9.8055,0.185625,1.244969,0.177188,0.220743,11.183907,323.028577,2.5409,1.846453,3.546918,2.693327,1.479516,4.66085,110,1,1,1,1,1,0
381,0.7134,COMPLETE,115.4,11.206691,0.226971,1.197422,0.267455,0.276724,10.526561,325.617671,0.691743,1.972353,3.586273,2.389217,1.902893,5.575543,120,1,1,1,1,0,0
382,0.6675,COMPLETE,128.1,8.688245,0.140829,1.188365,0.193374,0.195071,11.088423,260.513166,0.900474,2.393312,3.449518,2.700592,1.690385,4.716671,110,1,1,1,1,1,0
383,0.7612,COMPLETE,125.3,6.455038,0.231402,1.423578,0.234839,0.274689,9.9787,305.507262,0.853818,2.852242,2.989666,3.950635,1.640992,4.575539,120,1,1,1,1,1,0
384,0.745,COMPLETE,113.9,24.491827,0.22366,1.470393,0.200581,0.261373,10.208052,251.586687,2.683004,2.31185,3.561891,3.643787,1.256076,4.909725,120,1,1,1,1,1,0
385,0.7549,COMPLETE,145.4,10.979927,0.230578,1.040682,0.243026,0.245631,8.71007,311.45166,1.677582,1.923474,2.586723,2.179624,1.523239,4.84066,120,1,1,1,1,1,0
386,0.7501,COMPLETE,143.5,9.149019,0.251841,1.370211,0.19162,0.216828,6.788185,247.245461,0.708434,2.398397,3.319064,2.833883,0.655354,4.998923,110,1,1,1,1,1,0
387,0.7636,COMPLETE,274.5,12.031559,0.203904,1.144322,0.258403,0.249038,12.847046,270.099048,0.530332,2.713291,3.569156,2.675878,1.385971,3.355572,110,1,1,1,1,1,0
388,0.7377,COMPLETE,938.5,3.392228,0.237345,0.943872,0.224424,0.26047,6.990752,235.332175,2.143399,1.783648,3.261886,3.383998,1.598134,2.325974,100,1,1,1,1,1,0
389,0.7038,COMPLETE,124.2,8.947699,0.168602,1.585811,0.187331,0.239029,11.428232,222.696327,0.992403,2.479605,3.363156,2.851791,1.66841,4.580093,100,1,1,1,1,1,0
390,0.7116,COMPLETE,221.1,3.758634,0.175919,1.323785,0.168512,0.225045,11.429621,259.001026,0.528516,1.992222,3.368949,1.994645,1.852888,3.686343,120,1,1,1,1,0,0
391,0.7001,COMPLETE,281.8,9.81704,0.294857,1.322175,0.205911,0.188826,12.183695,215.700911,1.410132,2.907604,3.702475,3.357724,1.999521,3.435925,100,1,1,0,1,1,0
392,0.7499,COMPLETE,438.1,6.280469,0.241855,1.437752,0.193769,0.19988,10.672684,280.755958,0.649506,1.783726,3.914725,2.766811,0.905093,2.503942,100,1,1,1,1,1,0
393,0.7417,COMPLETE,276.6,16.748264,0.21134,1.18877,0.238154,0.289842,11.383595,300.027935,1.219372,2.368287,3.613521,3.826183,1.819239,3.346525,140,1,1,1,1,1,0
394,0.7477,COMPLETE,663.1,13.156258,0.22041,1.192034,0.188844,0.249531,9.680973,319.699416,1.404828,2.442866,2.976518,2.872342,1.421742,3.380288,110,1,1,1,1,1,0
395,0.7487,COMPLETE,149.0,8.87064,0.265579,1.382845,0.227279,0.23036,11.547654,277.279376,1.29772,2.436152,3.79289,2.978492,2.507031,4.119275,100,1,1,1,1,1,0
396,0.7045,COMPLETE,117.5,5.413747,0.269303,1.257589,0.245777,0.202689,9.389957,271.273451,1.501496,2.807781,3.551945,3.279985,1.216778,5.641667,100,1,1,1,1,1,0
397,0.762,COMPLETE,217.9,8.716534,0.239807,1.274359,0.202411,0.240662,9.662998,305.763457,2.329771,2.408224,2.852273,3.585884,1.349192,4.100317,110,1,1,1,1,1,0
398,0.7633,COMPLETE,190.6,18.247104,0.238032,1.325823,0.224168,0.265635,9.526736,205.608185,0.943932,2.475408,3.080244,3.295534,1.827892,3.960751,120,1,1,1,1,1,0
399,0.7192,COMPLETE,315.3,13.650836,0.238901,1.172507,0.191985,0.223184,11.955976,280.276678,1.164741,2.584288,3.37433,3.048682,0.836313,3.614293,110,1,1,1,1,0,0
400,0.7194,COMPLETE,127.8,7.38984,0.17483,1.088133,0.193734,0.250956,12.594644,305.189962,0.812169,3.010995,3.499253,2.63878,0.969291,4.531845,100,1,1,1,1,1,0
401,0.6799,COMPLETE,705.0,9.412331,0.247887,1.436214,0.237963,0.216274,12.249588,321.114435,1.583484,2.066947,3.036002,4.161682,1.697473,2.535919,110,1,1,1,1,0,0
402,0.7322,COMPLETE,856.5,11.673122,0.213303,1.171382,0.217875,0.267037,8.437902,331.184306,0.896757,2.531249,3.409718,2.834517,0.333692,3.304836,120,1,1,1,1,1,0
403,0.7124,COMPLETE,220.8,9.53568,0.218198,1.191039,0.275247,0.28912,9.086319,293.043439,1.236621,2.623279,3.455993,3.082603,1.77204,4.879818,120,1,1,1,1,0,0
404,0.7599,COMPLETE,332.0,15.617355,0.215747,1.286972,0.217566,0.221037,10.372302,281.65221,0.682683,3.216268,3.073857,2.512305,0.999457,4.032711,120,1,1,1,1,1,0
405,0.7227,COMPLETE,245.0,9.674648,0.184093,1.161387,0.207348,0.260461,6.609403,281.678566,2.053901,1.965422,3.148394,2.120811,1.553568,3.443333,100,1,1,1,1,1,0
406,0.7364,COMPLETE,104.6,35.30089,0.233851,1.274227,0.229695,0.197673,10.412757,203.992182,1.499025,1.963376,2.627204,2.785864,1.807317,5.182671,100,1,1,1,1,1,0
407,0.7518,COMPLETE,208.7,16.058287,0.203935,1.181459,0.205054,0.284323,10.469173,314.265349,0.670139,2.963274,3.102237,3.424213,1.538185,3.713015,110,1,1,1,1,1,0
408,0.7515,COMPLETE,205.8,14.013993,0.233581,1.385834,0.240749,0.243618,10.27835,227.514964,1.446519,2.780297,3.155822,2.624896,1.018179,4.040551,120,1,1,1,1,1,0
409,0.7585,COMPLETE,177.7,7.658484,0.218314,1.394618,0.208696,0.223682,10.673776,284.305911,2.323186,2.981177,3.763671,3.594787,1.786077,4.020099,110,1,1,1,1,1,0
410,0.7564,COMPLETE,150.4,10.365582,0.227564,1.482896,0.243046,0.273584,10.843926,230.344657,0.994239,3.08703,3.00921,3.600609,2.123125,4.214324,110,1,1,1,1,1,0
411,0.6915,COMPLETE,132.3,5.078075,0.229961,1.286197,0.250199,0.233369,11.258706,321.987431,2.295094,2.290834,3.605783,3.890121,2.225121,4.82075,140,1,0,1,1,1,0
412,0.7119,COMPLETE,265.8,19.866211,0.220921,1.262967,0.242246,0.261729,9.471801,219.09342,1.658432,2.350352,2.794536,3.751486,2.25559,3.976052,110,1,1,1,1,0,0
413,0.766,COMPLETE,128.9,6.514365,0.223181,1.345484,0.231841,0.249626,8.754941,282.702388,2.230142,2.818181,3.59623,2.087016,1.50183,4.920226,130,1,1,1,1,1,0
414,0.6571,COMPLETE,351.1,17.843236,0.282847,1.362923,0.251392,0.20446,8.622847,318.284016,1.08453,2.165269,3.273565,3.094373,1.878661,3.354373,100,1,1,1,1,0,0
415,0.6876,COMPLETE,93.0,16.929188,0.152037,1.235482,0.194506,0.243463,9.596368,256.01869,1.216942,2.308563,3.233385,3.640477,2.109268,5.455683,130,1,1,1,1,1,0
416,0.7311,COMPLETE,110.1,11.655701,0.273543,1.411249,0.169584,0.23375,10.705639,298.676261,2.012769,2.622998,3.805576,3.167509,2.566444,5.137391,120,1,1,1,1,1,1
417,0.7254,COMPLETE,187.9,11.018926,0.185871,1.243299,0.183631,0.21787,10.510607,285.507012,2.687067,3.598255,3.544383,2.787732,1.770259,4.033652,120,1,1,1,1,0,0
418,0.7292,COMPLETE,243.4,9.387659,0.245386,1.180261,0.223275,0.231686,9.578289,298.466276,1.725495,2.949725,2.973406,3.405241,1.97231,3.400575,130,1,1,1,1,1,1
419,0.6967,COMPLETE,624.2,12.083581,0.171786,1.384289,0.218009,0.244003,9.108824,308.270614,1.799411,3.047542,3.294892,3.062933,0.757053,2.910206,110,1,1,1,1,0,0
420,0.7523,COMPLETE,168.1,16.163361,0.250751,1.377479,0.224267,0.224824,13.135743,309.088937,1.953637,3.217297,3.36413,2.403464,2.029679,4.420564,110,1,1,1,1,1,0
421,0.7384,COMPLETE,98.5,10.06306,0.187925,1.372254,0.203232,0.199789,10.690864,266.738682,3.040325,3.327465,3.226404,3.463252,2.193702,5.682428,110,1,1,1,1,1,0
422,0.7503,COMPLETE,171.6,4.833932,0.23189,1.356558,0.265973,0.237368,10.451731,247.442213,2.733981,2.4146,2.978623,1.995212,1.619829,3.785518,130,1,1,1,1,1,0
423,0.7726,COMPLETE,161.8,14.21284,0.27096,1.130147,0.232388,0.269784,12.462995,242.343056,2.540586,2.514065,3.453956,3.074956,2.784377,4.245371,130,1,1,1,1,1,0
424,0.7521,COMPLETE,194.7,12.281884,0.240702,1.372751,0.221128,0.29065,9.236658,317.508742,2.500277,3.172149,3.914388,3.478155,1.023371,4.166233,110,1,1,1,1,1,0
425,0.7653,COMPLETE,119.8,5.642086,0.269897,1.343552,0.19694,0.254974,10.099942,305.115351,1.669681,2.99612,3.736018,3.219731,1.608125,5.563588,100,1,1,1,1,1,0
426,0.7681,COMPLETE,225.0,8.041166,0.261774,1.203056,0.22632,0.270379,11.056132,262.204873,1.804125,2.724324,2.481039,3.132338,1.573835,4.564407,120,1,1,1,1,1,0
427,0.7523,COMPLETE,329.6,5.682659,0.243645,1.219993,0.192941,0.244985,9.521529,290.097192,2.520428,2.710349,3.639911,2.827608,2.347925,3.262145,110,1,1,1,1,1,0
428,0.7469,COMPLETE,176.4,5.252714,0.209577,1.257805,0.172683,0.235287,10.415329,278.712302,2.105259,3.615208,3.904621,2.268719,2.58801,4.33728,130,1,1,1,1,1,0
429,0.7324,COMPLETE,302.4,7.601583,0.290153,1.227187,0.230976,0.245093,10.428855,222.223844,2.441712,3.145556,2.792557,3.394702,1.926272,3.471646,110,1,1,1,1,1,0
430,0.7432,COMPLETE,107.8,10.934557,0.2512,1.095275,0.20097,0.24697,12.826919,293.103457,1.883587,2.911332,3.195069,3.399575,1.712656,5.643668,130,1,1,1,1,1,0
431,0.7594,COMPLETE,114.9,15.026264,0.253152,1.325923,0.240707,0.250367,11.372385,278.275224,2.324918,2.963865,2.693127,2.835844,1.252286,5.330027,130,1,1,1,1,1,0
432,0.7427,COMPLETE,206.4,9.417218,0.27183,1.257255,0.23739,0.228814,10.798356,238.309037,2.671118,2.340788,2.526933,4.118446,1.788065,4.080184,110,1,1,1,1,1,0
433,0.742,COMPLETE,126.1,11.619629,0.193829,1.313075,0.189572,0.236658,7.876027,238.607401,2.017183,3.285624,3.375796,2.78233,1.610938,4.715523,110,1,1,1,1,1,0
434,0.7204,COMPLETE,139.2,5.462276,0.225699,1.179859,0.206393,0.26334,9.903491,302.367445,0.921691,2.453507,2.427586,2.460343,1.981609,4.957981,100,1,1,1,1,1,1
435,0.7709,COMPLETE,170.5,3.377344,0.216966,1.045816,0.241676,0.25323,10.343415,208.339006,2.821819,2.809232,3.179845,2.868321,1.872261,4.252566,110,1,1,1,1,1,0
436,0.7414,COMPLETE,170.1,15.728656,0.300102,1.296715,0.217496,0.248492,11.225228,246.091223,2.637671,2.861565,3.38937,2.721339,2.770822,4.201447,100,1,1,1,1,1,0
437,0.7198,COMPLETE,407.2,5.428408,0.321204,1.27892,0.215865,0.196549,11.377393,249.275198,3.258463,2.263741,2.749051,3.105228,2.579203,3.349682,120,1,1,1,1,1,0
438,0.749,COMPLETE,103.2,4.462621,0.26548,1.034964,0.198012,0.270405,11.997566,260.526472,1.485562,2.661704,3.698175,3.03429,2.497352,5.733227,110,1,1,1,1,1,0
439,0.7527,COMPLETE,133.6,10.543332,0.251577,1.159832,0.250503,0.257753,10.982033,207.583857,2.176761,2.813889,2.680279,2.940304,1.895131,4.817229,130,1,1,1,1,1,0
440,0.7541,COMPLETE,179.6,5.332209,0.258733,1.126562,0.219485,0.233628,12.660085,273.68047,1.954162,2.457212,3.28553,3.037402,1.9556,4.143093,120,1,1,1,1,1,0
441,0.762,COMPLETE,166.1,8.200322,0.225346,1.263058,0.242696,0.244694,9.57412,280.000924,2.029387,2.83117,2.764521,4.023746,1.23496,4.123905,120,1,1,1,1,1,0
442,0.7756,COMPLETE,159.4,7.377501,0.23032,1.180591,0.286239,0.237749,6.246725,252.333118,2.659918,2.699743,3.058484,3.37626,2.262732,4.615982,110,1,1,1,1,1,0
443,0.7503,COMPLETE,117.0,14.115277,0.255402,1.265272,0.26317,0.25299,12.283992,276.666292,2.832119,2.496719,2.715661,2.424764,1.173602,5.049968,120,1,1,1,1,1,0
444,0.7586,COMPLETE,192.0,14.016715,0.242059,1.153662,0.244729,0.221835,13.407351,225.412554,2.322082,1.819952,3.215698,2.423237,2.637955,4.423011,110,1,1,1,1,1,0
445,0.7394,COMPLETE,135.1,8.222914,0.248734,1.098075,0.255518,0.221531,12.906292,226.751012,2.847243,2.72891,2.85914,3.62482,1.308041,5.423076,130,0,1,1,1,1,0
446,0.7232,COMPLETE,113.1,6.807653,0.237879,1.200295,0.247742,0.228828,10.992667,287.313786,2.393002,2.841643,3.048547,2.83643,2.557937,5.986704,110,1,1,1,1,1,1
447,0.7233,COMPLETE,154.2,3.589466,0.201856,1.365228,0.199329,0.275387,12.082118,199.334329,2.617855,2.848095,3.341518,2.601457,1.197987,5.10783,120,1,1,1,1,0,0
448,0.5677,COMPLETE,218.3,7.661654,0.293267,1.225042,0.251642,0.281856,11.098949,229.798814,2.897391,2.858666,3.124915,3.515605,1.488688,4.930259,130,1,1,1,0,0,0
449,0.7545,COMPLETE,197.0,5.316356,0.272483,1.02088,0.275832,0.282096,10.616452,230.528736,2.523834,2.450442,3.067314,2.817109,2.296271,3.941548,120,1,1,1,1,1,0
450,0.7418,COMPLETE,132.8,3.10956,0.202505,1.022087,0.208861,0.259072,11.254838,182.689487,2.643515,3.417465,2.782605,3.008727,1.206439,5.214659,140,1,1,1,1,1,0
451,0.7392,COMPLETE,154.1,6.091054,0.294376,1.275529,0.241,0.263865,9.581418,286.314784,2.172853,2.745896,3.051283,3.302033,1.238126,4.478636,100,1,1,1,1,1,0
452,0.7508,COMPLETE,134.8,5.99595,0.209521,1.060111,0.256212,0.225957,11.524483,227.750244,2.100875,2.751584,3.190705,3.084856,1.991378,4.556439,130,1,1,1,1,1,0
453,0.7352,COMPLETE,113.4,9.757916,0.244238,1.074952,0.288079,0.200071,9.624539,168.881486,1.842719,2.593023,3.148399,3.982791,2.453968,5.642542,120,1,1,1,1,1,0
454,0.7071,COMPLETE,123.9,4.194516,0.262187,1.248374,0.261066,0.209375,7.906436,298.001146,2.460636,2.656781,2.92567,3.179119,2.209115,5.726761,120,1,1,1,1,0,0
455,0.7485,COMPLETE,145.7,11.810073,0.276377,1.122723,0.235824,0.274511,8.159676,247.167637,1.441309,2.296124,3.362915,2.638429,2.269862,4.691626,100,1,1,1,1,1,0
456,0.7492,COMPLETE,187.0,14.805157,0.206709,1.196407,0.265309,0.275866,7.79221,259.822714,1.901496,2.356808,3.414124,3.571897,2.50023,3.934683,110,1,1,1,1,1,0
457,0.7597,COMPLETE,138.8,4.591747,0.232739,1.18718,0.240657,0.2419,8.990999,259.62451,3.039954,3.269427,2.624286,3.571432,1.766967,5.05654,110,1,1,1,1,1,0
458,0.7616,COMPLETE,193.6,10.653757,0.221929,1.229308,0.243002,0.231997,10.424185,240.07729,3.077576,2.536401,2.826815,2.858037,2.689529,4.188534,110,1,1,1,1,1,0
459,0.7585,COMPLETE,270.6,13.84091,0.222854,1.158241,0.281788,0.230566,9.237035,259.620984,3.11713,3.293019,2.837992,3.339331,2.283321,3.25874,120,1,1,1,1,1,0
460,0.7446,COMPLETE,122.9,3.21752,0.209035,1.280112,0.223451,0.210047,10.618379,223.911593,2.837249,3.338821,2.413964,2.206135,1.871049,5.281081,100,1,1,1,1,1,0
461,0.7575,COMPLETE,229.4,5.451907,0.254406,1.250572,0.239679,0.266391,7.712567,277.570486,2.505593,2.709662,2.546258,3.431541,1.009459,3.583147,100,1,1,1,1,1,0
462,0.7515,COMPLETE,119.2,14.05131,0.251796,1.101011,0.287331,0.245968,8.760658,274.087481,2.201774,1.922178,2.837044,3.239571,2.426955,4.821714,110,1,1,1,1,1,0
463,0.7645,COMPLETE,208.4,4.683703,0.224951,1.211354,0.255586,0.251675,10.243557,295.827299,3.300562,2.19979,3.273232,3.359718,1.765988,3.641137,100,1,1,1,1,1,0
464,0.755,COMPLETE,126.8,9.135165,0.227473,1.13556,0.213862,0.250833,9.637319,317.738509,2.557894,3.01056,3.490571,3.134479,1.802277,5.248786,120,1,1,1,1,1,0
465,0.7136,COMPLETE,158.9,6.620296,0.208461,1.355905,0.212556,0.266561,10.323531,237.939506,2.712082,2.843255,3.167236,3.702219,2.849057,4.798592,110,1,1,1,1,0,0
466,0.7499,COMPLETE,166.1,3.114039,0.256143,1.260413,0.239072,0.234553,10.789239,263.073411,3.060705,2.367538,3.400942,3.593677,1.907883,4.254512,100,1,1,1,1,1,0
467,0.7339,COMPLETE,118.6,6.567757,0.261558,1.229726,0.256466,0.241145,10.467923,241.697763,2.305436,2.374319,3.054974,3.323182,1.905579,5.726093,110,1,1,1,1,1,0
468,0.7393,COMPLETE,160.3,5.138258,0.228221,1.329785,0.231002,0.246605,10.530857,309.46983,4.164619,2.271567,2.970269,3.784791,2.044259,4.300461,110,1,1,1,1,1,0
469,0.7633,COMPLETE,213.5,3.373478,0.243796,1.286119,0.269064,0.262882,11.0304,320.545577,4.020447,2.274087,3.310731,2.947328,2.523603,3.82118,100,1,1,1,1,1,0
470,0.7324,COMPLETE,442.6,5.047863,0.228865,1.126644,0.217231,0.26169,10.734853,243.123139,2.93504,2.742497,2.915726,2.777457,2.148458,2.588144,100,1,1,1,1,1,0
471,0.7553,COMPLETE,146.2,6.520425,0.25302,1.213353,0.262277,0.240454,9.192293,286.346055,3.758537,2.750979,3.152472,3.504735,1.527325,4.689236,130,1,1,1,1,1,0
472,0.7494,COMPLETE,145.1,7.516911,0.235789,1.276558,0.226762,0.194432,11.289864,282.791491,2.548201,2.269298,2.583714,2.455337,1.759222,4.7107,110,1,1,1,1,1,0
473,0.7108,COMPLETE,238.1,7.230569,0.258229,1.172457,0.235873,0.269339,11.521944,261.859924,3.749757,3.063013,3.02807,3.705113,2.434084,4.167974,120,1,1,1,1,0,0
474,0.73,COMPLETE,181.0,12.338817,0.267736,1.335397,0.292746,0.225673,10.839486,305.019623,3.288452,2.696099,2.854891,3.363758,1.471093,4.203967,110,1,1,1,1,1,0
475,0.7521,COMPLETE,159.4,4.142178,0.211247,1.188108,0.263099,0.236944,7.580062,269.22826,2.849393,2.958302,2.942533,3.237547,2.266595,4.385676,130,1,1,1,1,1,0
476,0.7592,COMPLETE,139.5,9.350342,0.226992,1.237123,0.270852,0.249375,9.564776,310.403482,3.258144,2.309888,3.394764,3.327706,1.881753,4.513298,100,1,1,1,1,1,0
477,0.758,COMPLETE,140.8,4.538825,0.2548,1.313087,0.262216,0.233951,11.721424,323.714363,4.490029,2.808681,3.71862,2.33169,2.431421,4.886034,110,1,1,1,1,1,0
478,0.6918,COMPLETE,285.7,4.110888,0.236619,1.395032,0.257437,0.250646,10.145267,311.430131,4.740485,2.656941,3.440004,3.495442,2.169875,3.724797,100,1,1,1,1,0,0
479,0.7461,COMPLETE,192.4,3.313565,0.219494,1.277166,0.277544,0.280566,10.857706,332.851111,3.140975,3.166478,2.716064,2.921799,2.13874,4.441166,100,1,1,1,1,1,0
480,0.7357,COMPLETE,127.7,3.560455,0.271491,1.255949,0.256415,0.245798,9.866873,329.64415,4.661282,2.919258,3.494166,3.412085,1.934779,5.212689,100,1,1,1,1,1,0
481,0.7387,COMPLETE,181.4,10.073162,0.307714,1.306337,0.258998,0.249005,9.814022,302.505158,4.08815,2.376998,3.134144,2.978574,2.335717,4.264554,110,1,1,1,1,1,0
482,0.7578,COMPLETE,188.3,5.490757,0.204947,1.354399,0.297093,0.25285,10.09153,295.581063,3.020295,2.359016,2.939367,3.16561,2.005964,4.103917,110,1,1,1,1,1,0
483,0.7539,COMPLETE,1460.2,1.55305,0.258028,1.075907,0.280532,0.247683,9.04793,302.91035,3.922446,2.169599,2.767163,3.431533,1.978523,3.650762,100,1,1,1,1,1,0
484,0.7599,COMPLETE,211.0,2.442135,0.216463,1.287316,0.258582,0.248083,9.230043,299.374752,4.991943,1.7235,2.873735,3.941047,2.29668,4.691445,110,1,1,1,1,1,0
485,0.7702,COMPLETE,186.9,4.536343,0.240314,1.281504,0.249042,0.270311,10.882849,329.109104,4.042712,2.046157,3.030095,3.568875,3.018402,4.265446,110,1,1,1,1,1,0
486,0.7479,COMPLETE,165.2,4.418074,0.231555,1.42985,0.278322,0.290997,9.752173,306.820085,4.027666,2.104362,3.796649,3.24316,2.140425,4.491681,100,1,1,1,1,1,0
487,0.7359,COMPLETE,528.8,7.297126,0.210956,1.348363,0.245712,0.2566,11.946834,305.51289,2.656097,2.477345,2.832823,3.806562,2.005184,2.723795,100,1,1,1,1,1,0
488,0.7411,COMPLETE,329.5,1.977346,0.248809,1.214446,0.288693,0.258905,7.081867,345.163411,3.247181,2.115384,3.259006,3.154083,2.067677,5.149026,100,1,1,1,1,1,0
489,0.7611,COMPLETE,216.5,8.644582,0.212746,1.428302,0.221619,0.232374,12.15448,339.836136,3.857206,2.129942,2.441355,3.498964,2.413229,3.764073,110,1,1,1,1,1,0
490,0.7327,COMPLETE,131.9,11.99785,0.271689,1.095733,0.274021,0.265802,10.632579,287.421353,3.419679,2.239573,2.50185,3.851238,2.803641,5.273136,110,1,1,1,1,1,0
491,0.7501,COMPLETE,160.4,8.093878,0.216585,1.349637,0.245626,0.266949,12.142096,308.965019,4.245337,1.945462,2.93356,3.01364,2.217502,4.303963,110,1,1,1,1,1,0
492,0.7443,COMPLETE,129.3,4.213754,0.262686,1.362968,0.28629,0.274167,10.335371,342.551486,4.565453,2.348965,2.800276,3.349479,3.420304,4.955017,100,1,1,1,1,1,0
493,0.763,COMPLETE,331.1,7.613558,0.254512,1.477752,0.236801,0.259014,8.112181,310.910675,5.360741,2.041532,3.438544,3.161424,2.672769,3.275116,110,1,1,1,1,1,0
494,0.7093,COMPLETE,224.9,10.829493,0.219464,1.366684,0.260899,0.272021,10.11143,298.44553,2.712477,2.17215,3.212057,2.626581,1.960946,3.909221,100,1,1,1,1,0,0
495,0.755,COMPLETE,222.9,4.895282,0.245924,1.259135,0.257862,0.283481,12.983294,300.574558,3.664238,2.088889,3.608063,3.939476,3.022943,4.284254,100,1,1,1,1,1,0
496,0.7461,COMPLETE,175.4,3.960387,0.261595,1.098304,0.24623,0.251356,8.902425,308.51073,3.322443,2.377867,3.105089,4.176842,2.961684,4.411409,100,1,1,1,1,1,0
497,0.7445,COMPLETE,147.6,2.820724,0.290339,1.151616,0.252611,0.229392,11.394555,308.234433,3.787736,2.380382,3.163562,3.72997,2.76509,4.938963,100,1,1,1,1,1,0
498,0.7573,COMPLETE,132.3,7.367885,0.271716,1.228478,0.243332,0.236953,10.708966,323.598989,5.253561,1.505264,3.375218,3.66454,2.376888,4.774667,100,1,1,1,1,1,0
499,0.7508,COMPLETE,211.1,3.383292,0.223446,1.413653,0.264256,0.251626,8.800367,297.436276,4.393638,1.508056,3.54109,3.286498,2.945182,3.718707,110,1,1,1,1,1,0
500,0.7506,COMPLETE,156.5,7.842212,0.245016,1.368745,0.241263,0.26991,9.945181,300.059039,4.549144,2.387407,2.899406,3.076369,2.308544,4.411423,110,1,1,1,1,1,0
